Estacion,Region,Latitude,Longitude,Altitude,Mean value,Ene,Feb,Mar,Abr,May,Jun,Jul,Ago,Sep,Oct,Nov,Dic
La Quiaca Obs.,NOA,-22.1,-65.6,3462,Temperature,12.8,12.5,12.4,10.9,6.9,4.4,4.1,6.7,9.3,11.7,12.8,13.2
La Quiaca Obs.,NOA,-22.1,-65.6,3462,Max Temperature,20.1,19.9,19.9,19.7,17.3,15.6,15.4,17.4,19.2,21.1,21.7,21.3
La Quiaca Obs.,NOA,-22.1,-65.6,3462,Min Temperature,7.4,7,6.3,2.8,-3,-6.2,-6.8,-4.2,-1.1,2.8,5.2,6.9
La Quiaca Obs.,NOA,-22.1,-65.6,3462,Hunidity,65.3,64.1,62.4,48.2,34.6,31.1,30.1,31.7,34.4,45.3,52.3,59.2
La Quiaca Obs.,NOA,-22.1,-65.6,3462,Wind speed,6.9,7.1,6.5,6.4,6,4.9,6.6,6.6,8.6,8.7,8.8,8.3
La Quiaca Obs.,NOA,-22.1,-65.6,3462,Nubosidad total (octavos),5.2,4.8,4.1,2.7,1.8,1.6,1.4,1.6,2,3,3.6,4.5
La Quiaca Obs.,NOA,-22.1,-65.6,3462,Precipitation ,97.5,68.4,55.9,8.2,1,0.5,0,1.4,3.5,16,27.3,71.9
La Quiaca Obs.,NOA,-22.1,-65.6,3462,Precipitation freq,15.9,12.2,9.8,2.4,0.3,0.1,0,0.4,0.9,3.5,7.4,12.7
Oran Aero,NOA,-23.15,-64.33,359,Temperature,25.5,25.1,23.9,20.9,17.7,15,14.7,17.2,20.1,23.8,25,26
Oran Aero,NOA,-23.15,-64.33,359,Max Temperature,32.3,31.1,29.4,26,23.2,21.2,22,25.6,28.3,31.5,32,32.6
Oran Aero,NOA,-23.15,-64.33,359,Min Temperature,21.5,20.8,20.5,17.8,14.2,11,9.2,11,13.5,17.9,19.5,21.2
Oran Aero,NOA,-23.15,-64.33,359,Hunidity,,,83.6,85.3,83.8,82.3,75.4,67.3,59.1,62.5,69.6,74.7
Oran Aero,NOA,-23.15,-64.33,359,Wind speed,8.4,8.4,6.9,6.4,6.2,6.8,7.7,8.2,9.1,9.2,9.6,8.6
Oran Aero,NOA,-23.15,-64.33,359,Nubosidad total (octavos),,,5.7,6,5.6,5.1,4,3.5,3.9,4.6,5,5.3
Oran Aero,NOA,-23.15,-64.33,359,Precipitation ,216.6,183.7,184.2,70.9,19.8,6.3,4.5,5.4,16.3,60,108.1,170.1
Oran Aero,NOA,-23.15,-64.33,359,Precipitation freq,14.3,12.9,15.3,12,6.6,3.9,2.8,2.2,3.2,7.1,10.4,12.9
Tartagal Aero,NOA,-22.52,-63.8,450,Temperature,25.2,24.4,22.9,20.2,17.2,14.9,14.6,17.4,20.2,23.9,24.6,25.3
Tartagal Aero,NOA,-22.52,-63.8,450,Max Temperature,31.7,30.7,29.1,25.5,22.7,21,22.1,25.5,28.2,31.4,31.7,32
Tartagal Aero,NOA,-22.52,-63.8,450,Min Temperature,20.6,20,19.6,17,13.2,10.7,9.1,10.6,13.2,17.5,18.8,20.3
Tartagal Aero,NOA,-22.52,-63.8,450,Hunidity,78.5,,,85,83.5,80.8,71.9,62,55.1,60.1,67.1,74.4
Tartagal Aero,NOA,-22.52,-63.8,450,Wind speed,6.1,5.9,5.2,4.7,4.6,4.6,5.6,6.7,7.3,8.1,8.6,7.1
Tartagal Aero,NOA,-22.52,-63.8,450,Nubosidad total (octavos),,,,,,,,,,,,
Tartagal Aero,NOA,-22.52,-63.8,450,Precipitation ,200.2,182.8,187.7,65.3,22,6.7,3.6,5.1,15.1,45,110,176.4
Tartagal Aero,NOA,-22.52,-63.8,450,Precipitation freq,11.6,11.1,11.7,10.5,5.9,3.6,2.2,1.7,2.4,5.1,9,11.4
Jujuy Aero,NOA,-24.24,-65.27,1239,Temperature,23.6,22.5,21.4,18.3,14.8,12.2,11.9,15,17.8,21.7,23,23.8
Jujuy Aero,NOA,-24.24,-65.27,1239,Max Temperature,30,28.8,27.2,24,21.3,19.7,20.3,23.3,25.7,29,29.9,30.5
Jujuy Aero,NOA,-24.24,-65.27,1239,Min Temperature,18.3,17.5,17.1,14,10,6.8,5.8,8.2,10.6,14.8,16.7,18
Jujuy Aero,NOA,-24.24,-65.27,1239,Hunidity,74.4,77.7,82,82.4,79.7,76.7,68,58.7,52.3,56,62,68.8
Jujuy Aero,NOA,-24.24,-65.27,1239,Wind speed,8.2,8.3,7.3,7.1,7.4,7.3,9.2,10.3,11,10.7,10.2,8.9
Jujuy Aero,NOA,-24.24,-65.27,1239,Nubosidad total (octavos),5.3,5.2,5.4,5.3,4.7,4.1,3.2,3.1,3.4,4.1,4.5,5
Jujuy Aero,NOA,-24.24,-65.27,1239,Precipitation ,153.2,152.9,138.9,49.4,11.6,2.8,3.4,3.1,5.4,28.1,61.1,130.4
Jujuy Aero,NOA,-24.24,-65.27,1239,Precipitation freq,13.4,12.5,14.1,8.7,3.9,2,2.3,1.6,1.9,4.8,7.8,11.6
Salta Aero,NOA,-24.85,-65.48,1238,Temperature,21.4,20.3,19.5,16.6,13.1,10.6,10.1,12.7,15.1,19.1,20.5,21.5
Salta Aero,NOA,-24.85,-65.48,1238,Max Temperature,27.4,26.4,25.2,22.7,20.3,19.6,20,22.3,23.9,26.8,27.5,28
Salta Aero,NOA,-24.85,-65.48,1238,Min Temperature,16.6,15.7,15.3,11.9,7.6,4.1,2.9,4.9,7.3,11.8,14.1,15.9
Salta Aero,NOA,-24.85,-65.48,1238,Hunidity,78.2,81,83.7,82.9,80.5,75.5,69.1,62.8,58.2,61.2,67.1,73.1
Salta Aero,NOA,-24.85,-65.48,1238,Wind speed,6.8,6.5,5.8,5.8,6.3,6.1,6.9,7.5,7.9,9,8.7,7.7
Salta Aero,NOA,-24.85,-65.48,1238,Nubosidad total (octavos),5.9,5.8,5.9,5.6,5,4.2,3.3,3.2,3.5,4.4,5,5.5
Salta Aero,NOA,-24.85,-65.48,1238,Precipitation ,192.6,154.2,110.6,33,8,1.5,3.9,3.8,7.6,25.1,62.2,145.6
Salta Aero,NOA,-24.85,-65.48,1238,Precipitation freq,16.3,14.8,14.2,7.9,3.9,1.6,2.1,2.1,2.7,5.7,9.5,14
Las Lomitas,NEA,-24.71,-60.58,130,Temperature,27.9,26.8,25.8,22.5,18.8,16.9,16.6,19.1,21.2,24.6,25.9,27.3
Las Lomitas,NEA,-24.71,-60.58,130,Max Temperature,35.1,33.8,32.8,28.8,25.4,23.4,24.1,27.1,29.1,32.2,33.2,34.4
Las Lomitas,NEA,-24.71,-60.58,130,Min Temperature,21.7,21.1,20.3,17.5,13.7,11.8,10.4,12.2,14.2,17.8,19.3,20.9
Las Lomitas,NEA,-24.71,-60.58,130,Hunidity,69.3,72.2,75.2,79.4,79.9,79.3,71.3,62.8,60.5,62.7,65.9,68.2
Las Lomitas,NEA,-24.71,-60.58,130,Wind speed,5.4,7,6,5.9,5.8,5.3,6.9,8.6,8.7,9.4,9.9,8.2
Las Lomitas,NEA,-24.71,-60.58,130,Nubosidad total (octavos),4,3.9,3.5,4.2,4.1,4.4,3.5,3.1,3.5,3.7,3.7,3.8
Las Lomitas,NEA,-24.71,-60.58,130,Precipitation ,142.4,116.7,160.4,84.6,57.5,18.6,13.1,16.1,30.4,72.5,119,132.6
Las Lomitas,NEA,-24.71,-60.58,130,Precipitation freq,8.8,9.2,9.9,9.3,7.1,6,3.9,2.9,4.4,7.3,8.7,8.8
Iguazu Aero,NEA,-25.74,-54.47,270,Temperature,25.6,24.9,24.2,21.4,17.6,15.9,15.7,17.6,19.1,21.9,23.5,25
Iguazu Aero,NEA,-25.74,-54.47,270,Max Temperature,31.8,31.2,30.7,27.5,23.5,21.7,22.2,24.7,25.8,28.3,30.1,31.4
Iguazu Aero,NEA,-25.74,-54.47,270,Min Temperature,20.5,20.2,19.3,16.8,13.1,11.7,10.8,12.2,13.7,16.5,17.8,19.5
Iguazu Aero,NEA,-25.74,-54.47,270,Hunidity,78.1,80.4,79.7,83.7,86.5,88.1,83.6,78.5,76.4,77.3,74.9,75.7
Iguazu Aero,NEA,-25.74,-54.47,270,Wind speed,6.4,6.3,5.3,6.1,6.4,6.2,7.4,8.4,8.8,7.4,7.5,6.6
Iguazu Aero,NEA,-25.74,-54.47,270,Nubosidad total (octavos),4.2,4.3,3.6,3.7,3.6,4,3.4,3.5,4,4.1,3.7,3.9
Iguazu Aero,NEA,-25.74,-54.47,270,Precipitation ,177.7,154.7,126.5,169.1,192.7,148.3,115.8,94.2,160.3,237,186.3,186.9
Iguazu Aero,NEA,-25.74,-54.47,270,Precipitation freq,10.3,10.2,8.1,8.9,8.8,8.6,8.3,6.8,9.6,11.6,9.4,9.9
Tucuman Aero,NOA,-26.84,-65.1,450,Temperature,25.2,24,22.6,19.2,15.7,12.7,12.2,14.9,17.8,21.8,23.4,24.9
Tucuman Aero,NOA,-26.84,-65.1,450,Max Temperature,31,29.7,27.9,24.6,21.2,18.6,19.3,22.8,25.4,28.9,29.9,30.8
Tucuman Aero,NOA,-26.84,-65.1,450,Min Temperature,20.1,19.3,18.5,15.1,11.4,8.2,6.8,8.5,11,15.2,17.5,19.3
Tucuman Aero,NOA,-26.84,-65.1,450,Hunidity,74.2,76.8,81,81.2,80.3,78.9,70.9,62.1,58.4,61.5,67.1,70.8
Tucuman Aero,NOA,-26.84,-65.1,450,Wind speed,11.6,11.3,10,9.6,9.4,9.7,10.7,11.2,11.8,12.2,12,11.1
Tucuman Aero,NOA,-26.84,-65.1,450,Nubosidad total (octavos),5,5.1,5.2,5.1,4.7,4.6,3.4,3.3,3.5,4.2,4.7,4.8
Tucuman Aero,NOA,-26.84,-65.1,450,Precipitation ,230.6,172.3,151.1,62.5,25.9,13.1,7.4,8.5,16.1,65.1,103,175.9
Tucuman Aero,NOA,-26.84,-65.1,450,Precipitation freq,13.7,11.5,12.9,9.6,6.9,5.2,3.3,2.1,3.3,7.3,10.8,12.1
Santiago Del Estero Aero,NOA,-27.77,-64.31,199,Temperature,26.7,25.5,23.8,19.8,16.1,12.7,12.2,15.3,18.5,22.7,24.8,26.5
Santiago Del Estero Aero,NOA,-27.77,-64.31,199,Max Temperature,33.9,32.5,30.4,26.3,23.1,20.1,20.9,24.4,26.9,30.7,32.2,33.7
Santiago Del Estero Aero,NOA,-27.77,-64.31,199,Min Temperature,20.5,19.7,18.5,14.6,10.4,6.8,5,7.3,10.3,15.3,17.8,20
Santiago Del Estero Aero,NOA,-27.77,-64.31,199,Hunidity,66.8,70,74.2,76.6,74.5,73.2,63.6,54.3,50.9,54.8,59,62.7
Santiago Del Estero Aero,NOA,-27.77,-64.31,199,Wind speed,9.2,9.2,8.6,7.8,7.3,7.1,8.2,9,10.2,11.6,10.9,10
Santiago Del Estero Aero,NOA,-27.77,-64.31,199,Nubosidad total (octavos),4,4.1,4.3,4.5,4.2,4.2,3.1,2.9,3.2,3.6,3.8,3.9
Santiago Del Estero Aero,NOA,-27.77,-64.31,199,Precipitation ,134.8,100.6,91.1,35.9,17.2,6.6,3,2,12.3,44.7,66.7,114.2
Santiago Del Estero Aero,NOA,-27.77,-64.31,199,Precipitation freq,9.8,8.7,9.5,7.1,4.5,3.9,1.9,1.3,2.2,5.9,7.2,8.9
Resistencia Aero,NEA,-27.45,-59.06,52,Temperature,26.8,25.9,24.6,21.2,17.6,15.4,14.8,16.7,18.5,21.8,23.6,25.8
Resistencia Aero,NEA,-27.45,-59.06,52,Max Temperature,33.3,32.1,30.7,26.9,23.6,21.3,21.4,23.7,25.3,28.1,29.8,32.1
Resistencia Aero,NEA,-27.45,-59.06,52,Min Temperature,20.9,20.5,19.5,16.5,12.6,10.8,9.5,10.8,12.4,15.9,17.7,19.7
Resistencia Aero,NEA,-27.45,-59.06,52,Hunidity,70.8,74.5,77.4,81,81.7,82.5,77.3,72.5,70.6,71.8,72,70.8
Resistencia Aero,NEA,-27.45,-59.06,52,Wind speed,10.1,10.5,9.9,9.8,9.8,10,11.2,12.7,13.8,13.4,12.5,10.7
Resistencia Aero,NEA,-27.45,-59.06,52,Nubosidad total (octavos),3.7,3.8,3.5,4.1,3.8,4.4,3.7,3.6,3.8,3.7,3.5,3.6
Resistencia Aero,NEA,-27.45,-59.06,52,Precipitation ,161.1,165.6,174.4,202.3,78.4,63.8,30.6,38,68.9,134.7,168.2,146.9
Resistencia Aero,NEA,-27.45,-59.06,52,Precipitation freq,8.9,9.1,9.2,9.6,7.1,7.9,5.6,5,7.6,10.1,10,9.1
Formosa Aero,NEA,-26.21,-58.23,60,Temperature,27.6,26.8,25.7,22.5,18.9,17,16.3,18.1,19.8,23,24.7,26.7
Formosa Aero,NEA,-26.21,-58.23,60,Max Temperature,33.8,32.8,31.9,28.1,24.4,22.4,22.3,24.8,26.3,29,30.7,32.8
Formosa Aero,NEA,-26.21,-58.23,60,Min Temperature,22.3,21.9,20.9,18.2,14.6,12.9,11.7,13,14.5,17.9,19.4,21.3
Formosa Aero,NEA,-26.21,-58.23,60,Hunidity,71.2,74.3,75.9,79.5,80.2,80.8,76.5,71.6,70.2,71.8,71.4,70.8
Formosa Aero,NEA,-26.21,-58.23,60,Wind speed,11.8,11.9,11.2,11.5,11.6,11.9,13.1,14.4,14.9,14.9,14.4,13
Formosa Aero,NEA,-26.21,-58.23,60,Nubosidad total (octavos),3.9,3.9,3.6,4,3.9,4.4,3.8,3.6,3.8,3.9,3.6,3.7
Formosa Aero,NEA,-26.21,-58.23,60,Precipitation ,165.7,128.7,144.8,175,99.3,68.9,47.5,44.2,90.8,142,166.5,163.4
Formosa Aero,NEA,-26.21,-58.23,60,Precipitation freq,9.1,8.9,8.5,9.2,7.7,7.2,5.5,5.8,7.6,9.6,9.1,9.1
Corrientes Aero,NEA,-27.45,-58.76,62,Temperature,27,26,24.7,21.4,18,15.9,15.2,17,18.5,21.8,23.7,25.8
Corrientes Aero,NEA,-27.45,-58.76,62,Max Temperature,33.2,31.9,30.6,26.8,23.4,21,21.1,23.4,24.9,27.9,29.5,31.9
Corrientes Aero,NEA,-27.45,-58.76,62,Min Temperature,21.3,20.8,19.7,16.9,13.4,11.6,10.4,11.5,13.1,16.3,17.9,20.1
Corrientes Aero,NEA,-27.45,-58.76,62,Hunidity,70.7,74.6,77.7,80.2,80,81.2,76.5,72.3,70.8,72.3,72.1,70.9
Corrientes Aero,NEA,-27.45,-58.76,62,Wind speed,11.9,12.2,11.8,11.9,11.9,12.1,13.4,14.6,15.5,15.7,14.1,12.5
Corrientes Aero,NEA,-27.45,-58.76,62,Nubosidad total (octavos),3.6,3.6,3.3,3.9,3.6,4.3,3.5,3.5,3.6,3.5,3.3,3.5
Corrientes Aero,NEA,-27.45,-58.76,62,Precipitation ,167.3,161.9,175.1,206.6,91.9,70.5,37.5,47.2,75.7,150.7,184.3,157.7
Corrientes Aero,NEA,-27.45,-58.76,62,Precipitation freq,8.5,9.4,8.6,10.2,7.5,8.4,6.1,5.7,8.1,10.4,10,9.3
Posadas Aero,NEA,-27.39,-55.97,125,Temperature,27,26.2,25.1,21.9,18.3,16.5,16.1,17.9,19.2,22.3,24.2,26.3
Posadas Aero,NEA,-27.39,-55.97,125,Max Temperature,33,32.1,31.2,27.6,23.9,21.9,21.9,24.2,25.1,28.3,30.3,32.4
Posadas Aero,NEA,-27.39,-55.97,125,Min Temperature,21.8,21.3,20.2,17.4,14,12.3,11.6,13.1,14.3,17.1,18.6,20.7
Posadas Aero,NEA,-27.39,-55.97,125,Hunidity,68.5,72.1,73,76.4,77.4,78.8,74.7,70.3,69.8,69.8,66.9,65.8
Posadas Aero,NEA,-27.39,-55.97,125,Wind speed,9.1,9.1,8.6,8.7,9,8.9,10.1,10.9,11,11,10.4,9.6
Posadas Aero,NEA,-27.39,-55.97,125,Nubosidad total (octavos),3.6,3.6,3.3,3.7,3.6,4.1,3.6,3.6,3.8,3.7,3.4,3.4
Posadas Aero,NEA,-27.39,-55.97,125,Precipitation ,167.2,154.9,144.1,193.8,138.2,139.8,103.3,93.9,145.1,226,181,179.9
Posadas Aero,NEA,-27.39,-55.97,125,Precipitation freq,10.3,9.6,9,10.2,8.3,9.4,9,8.3,10.9,11.3,9.5,9.4
Tinogasta,CUYO,-28.06,-67.57,1190,Temperature,25.6,24.4,22.9,18.3,13.5,10.3,10,13.2,16.2,21.3,23.9,25.9
Tinogasta,CUYO,-28.06,-67.57,1190,Max Temperature,33.5,32.4,30.9,26.9,22.6,19.9,19.8,23.1,25.7,30.2,32.5,33.9
Tinogasta,CUYO,-28.06,-67.57,1190,Min Temperature,18.7,17.3,16,10.1,4.5,0.8,0.2,2.5,5.9,11.2,15.1,17.9
Tinogasta,CUYO,-28.06,-67.57,1190,Hunidity,56.9,58.3,60.8,61.6,63.2,60,55.4,47.7,47.3,46.5,48.6,51.6
Tinogasta,CUYO,-28.06,-67.57,1190,Wind speed,5.9,5.2,6.6,4.2,4.3,4.4,4.6,5.9,5.4,6.4,6.5,6.2
Tinogasta,CUYO,-28.06,-67.57,1190,Nubosidad total (octavos),4.3,4.1,3.6,2.8,3,2.9,2.4,2.1,2.3,2.5,3.2,3.8
Tinogasta,CUYO,-28.06,-67.57,1190,Precipitation ,,,,,,,,,,,,
Tinogasta,CUYO,-28.06,-67.57,1190,Precipitation freq,,,,,,,,,,,,
La Rioja Aero,CUYO,-29.38,-66.8,429,Temperature,27.2,25.8,23.9,19.7,15.1,11.4,10.8,14.2,17.9,22.9,25.5,27.4
La Rioja Aero,CUYO,-29.38,-66.8,429,Max Temperature,34.7,33,30.7,26.7,22.6,19.4,19.5,23,26.2,30.9,33.5,35.1
La Rioja Aero,CUYO,-29.38,-66.8,429,Min Temperature,21.1,19.9,18.7,14.5,9.7,5.6,4.4,7.2,10.9,16,18.7,20.9
La Rioja Aero,CUYO,-29.38,-66.8,429,Hunidity,61.8,64.6,68.6,69.7,69.7,69.4,62.9,52.9,48.9,48.8,51.9,55.9
La Rioja Aero,CUYO,-29.38,-66.8,429,Wind speed,,,,,,,,,,,,
La Rioja Aero,CUYO,-29.38,-66.8,429,Nubosidad total (octavos),3.9,3.9,3.9,3.6,3.4,3.4,2.6,2.4,2.5,2.8,3.2,3.6
La Rioja Aero,CUYO,-29.38,-66.8,429,Precipitation ,96.3,73.6,65,29.3,9,2.9,3.8,4.2,9.4,17.6,35.9,65
La Rioja Aero,CUYO,-29.38,-66.8,429,Precipitation freq,8.5,7.4,6,3.9,2.1,0.9,1,0.6,1.6,2.3,4.1,6.4
Catamarca Aero,NOA,-28.6,-65.75,454,Temperature,27.3,26,24.4,20.4,16,12,11.6,15.4,19.1,23.6,25.6,27.3
Catamarca Aero,NOA,-28.6,-65.75,454,Max Temperature,34.1,32.8,31.2,27.5,23.5,20,20.2,23.9,26.8,30.9,32.7,34.3
Catamarca Aero,NOA,-28.6,-65.75,454,Min Temperature,21.5,20.4,19.1,14.7,9.8,5.3,4.4,7.7,11.8,16.8,19.3,21.2
Catamarca Aero,NOA,-28.6,-65.75,454,Hunidity,56.2,59.8,63.8,65.3,66.3,66.1,58.6,47.7,43,44.7,48.5,52.5
Catamarca Aero,NOA,-28.6,-65.75,454,Wind speed,20.9,18.9,17,14.2,11.7,9.5,10.9,14.8,18.6,22.4,22.5,21.9
Catamarca Aero,NOA,-28.6,-65.75,454,Nubosidad total (octavos),3.6,3.6,3.4,3.4,3.5,3.5,2.8,2.7,2.8,2.9,3.1,3.3
Catamarca Aero,NOA,-28.6,-65.75,454,Precipitation ,83.8,69.2,52.4,27,12.6,4.7,8.1,3.2,7.3,25.9,50.2,68
Catamarca Aero,NOA,-28.6,-65.75,454,Precipitation freq,8.9,7.2,7,5.3,3.3,2,2.2,1.2,2.2,3.6,5.4,7.4
Villa Maria Del Rio Seco,CENTRO,-29.04,-63.8,227,Temperature,24,22.4,21,17.3,14,11.2,10.5,12.9,15.3,19.2,21.4,23.4
Villa Maria Del Rio Seco,CENTRO,-29.04,-63.8,227,Max Temperature,31.4,29.8,28.1,24.3,21.3,18.7,18.7,21.6,23.6,27.1,29.1,30.9
Villa Maria Del Rio Seco,CENTRO,-29.04,-63.8,227,Min Temperature,,,,,,,,,,,,
Villa Maria Del Rio Seco,CENTRO,-29.04,-63.8,227,Hunidity,74.7,79.7,81.8,82.1,79,76.7,71.8,66.3,64.7,67.5,70.4,72.5
Villa Maria Del Rio Seco,CENTRO,-29.04,-63.8,227,Wind speed,6.2,5.7,5.2,5.3,5.2,5.3,5.7,6.8,7.6,8.8,8.6,7.1
Villa Maria Del Rio Seco,CENTRO,-29.04,-63.8,227,Nubosidad total (octavos),3.9,4.1,4.1,4.4,4.4,4.2,3.3,3.2,3.3,3.6,3.8,4
Villa Maria Del Rio Seco,CENTRO,-29.04,-63.8,227,Precipitation ,130.6,119.7,134.5,70.4,21.3,8.4,12.5,6.7,27.1,62.6,89,130.2
Villa Maria Del Rio Seco,CENTRO,-29.04,-63.8,227,Precipitation freq,9.9,9.1,9.4,7.6,4.4,3.3,2.7,1.6,3.6,6.6,8.7,9.6
Ceres Aero,PAMPEANA,-29.89,-61.94,88,Temperature,25.3,24.1,22.6,18.8,15.2,12.3,11.5,13.7,16,19.8,22.2,24.3
Ceres Aero,PAMPEANA,-29.89,-61.94,88,Max Temperature,32.1,30.9,29.3,25,21.9,18.8,18.8,21.7,23.7,27,29,31
Ceres Aero,PAMPEANA,-29.89,-61.94,88,Min Temperature,19.2,18.5,17.3,14,10.3,7.5,6.2,7.6,9.5,13.4,15.8,17.9
Ceres Aero,PAMPEANA,-29.89,-61.94,88,Hunidity,72,76.3,78.8,81.8,81.7,82.3,78.3,72.7,69.6,69.9,70.6,71.3
Ceres Aero,PAMPEANA,-29.89,-61.94,88,Wind speed,10.2,10.6,10.7,9.8,10.3,10.2,12,14.1,14.6,15.1,13.8,11.9
Ceres Aero,PAMPEANA,-29.89,-61.94,88,Nubosidad total (octavos),3.3,3.4,3.4,3.9,4,4.3,3.5,3.4,3.4,3.6,3.3,3.3
Ceres Aero,PAMPEANA,-29.89,-61.94,88,Precipitation ,132,122.4,153.5,95.4,35.4,18.7,15.6,13,36.4,83.8,103.2,143.7
Ceres Aero,PAMPEANA,-29.89,-61.94,88,Precipitation freq,9.4,8.2,9.3,9.3,6,5.1,3.8,3.6,5.1,7.5,9.3,9.4
Reconquista Aero,NEA,-29.21,-59.69,53,Temperature,26.4,25.2,23.7,20,16.7,14.1,13.4,15.4,17.1,20.6,22.9,25
Reconquista Aero,NEA,-29.21,-59.69,53,Max Temperature,32.4,30.9,29.4,25.4,22.2,19.3,19.5,22.2,23.6,26.7,28.7,31
Reconquista Aero,NEA,-29.21,-59.69,53,Min Temperature,20.8,20.2,19,15.7,12.2,9.8,8.7,10,11.6,15.1,17.3,19.5
Reconquista Aero,NEA,-29.21,-59.69,53,Hunidity,70.3,75.6,78,81.5,81.5,83.1,78.8,73.5,71.5,71.8,71,70.4
Reconquista Aero,NEA,-29.21,-59.69,53,Wind speed,11.5,12,11.7,10.6,10.8,10.7,12.6,14.4,15,15.5,14,12.3
Reconquista Aero,NEA,-29.21,-59.69,53,Nubosidad total (octavos),3.2,3.4,3.2,3.8,3.6,4.3,3.5,3.4,3.5,3.5,3.2,3.1
Reconquista Aero,NEA,-29.21,-59.69,53,Precipitation ,141.4,156.6,168.3,155.6,58.9,49.3,31.2,26.3,53.1,114,159.8,136.4
Reconquista Aero,NEA,-29.21,-59.69,53,Precipitation freq,7.8,8.1,8.4,9.2,5.8,5.7,4.3,3.8,6.1,8.7,9.5,8.7
Paso De Los Libres Aero,NEA,-29.69,-57.15,70,Temperature,26.2,25,23.6,19.9,16.3,13.9,13.4,15.3,16.7,20.1,22.5,25
Paso De Los Libres Aero,NEA,-29.69,-57.15,70,Max Temperature,32.6,31,29.6,25.6,21.9,19.2,19.1,21.6,22.6,25.9,28.5,31.2
Paso De Los Libres Aero,NEA,-29.69,-57.15,70,Min Temperature,20.5,20,18.5,15.2,11.7,9.7,9,10.3,11.7,14.7,16.8,19
Paso De Los Libres Aero,NEA,-29.69,-57.15,70,Hunidity,67,72.5,74.4,78.1,80.4,82.3,79.6,75,73.8,72.2,68.7,65.7
Paso De Los Libres Aero,NEA,-29.69,-57.15,70,Wind speed,,,,,,,,,,,,
Paso De Los Libres Aero,NEA,-29.69,-57.15,70,Nubosidad total (octavos),3.8,3.9,3.5,3.9,3.9,4.3,3.9,3.8,4,3.9,3.5,3.6
Paso De Los Libres Aero,NEA,-29.69,-57.15,70,Precipitation ,128,154.3,166.8,205,129.8,101.4,73.7,56.8,108.7,152.6,149.9,120.6
Paso De Los Libres Aero,NEA,-29.69,-57.15,70,Precipitation freq,7.1,8.5,7.7,8.6,7.4,8,6.7,5.9,7.7,9.1,7.7,6.9
San Juan Aero,CUYO,-31.57,-68.42,598,Temperature,27.1,25.5,22.8,17.2,12.2,8.3,7.7,10.6,14.4,19.8,23.4,26.3
San Juan Aero,CUYO,-31.57,-68.42,598,Max Temperature,34.9,33.4,30.3,25.2,20.5,16.9,16.5,19.9,23.2,28.1,31.6,34.2
San Juan Aero,CUYO,-31.57,-68.42,598,Min Temperature,19.5,18.2,16.2,10.7,5.8,1.5,0.7,2.9,6.5,11.4,14.8,18
San Juan Aero,CUYO,-31.57,-68.42,598,Hunidity,44.3,47.1,54.5,57.9,61.4,62.5,57.8,48.2,43.8,39.6,38.9,40.1
San Juan Aero,CUYO,-31.57,-68.42,598,Wind speed,15.5,13.9,12.9,10.6,9.3,9.3,10.3,11.6,12.6,14.8,16,16.1
San Juan Aero,CUYO,-31.57,-68.42,598,Nubosidad total (octavos),2.8,2.7,2.8,2.5,2.9,2.9,2.5,2.3,2.5,2.3,2.3,2.5
San Juan Aero,CUYO,-31.57,-68.42,598,Precipitation ,15.7,18.9,11.2,4.4,4.4,1.6,3.5,3.2,5.6,3.6,7,11.6
San Juan Aero,CUYO,-31.57,-68.42,598,Precipitation freq,3.5,2.9,2.5,1.3,1.2,0.5,1.1,0.9,1.8,1.1,1.6,2.3
Chamical Aero,CUYO,-30.36,-66.3,462,Temperature,26.5,25.1,23.2,19.1,15.2,11.9,11.3,14.4,17.7,22.2,24.6,26.4
Chamical Aero,CUYO,-30.36,-66.3,462,Max Temperature,33.2,31.6,29.2,25.2,21.4,18.3,18.6,22,25,29.3,31.7,33.5
Chamical Aero,CUYO,-30.36,-66.3,462,Min Temperature,20.3,19.3,18.1,14.1,10,6.6,5.3,7.7,10.6,15.1,17.7,19.7
Chamical Aero,CUYO,-30.36,-66.3,462,Hunidity,60,63.3,67.4,68.6,68.7,67.4,60,50.3,46.5,47.3,50.5,54.8
Chamical Aero,CUYO,-30.36,-66.3,462,Wind speed,11.7,9.8,8.2,7.1,6.6,6.4,7.5,9.5,11.3,13.8,14,13.2
Chamical Aero,CUYO,-30.36,-66.3,462,Nubosidad total (octavos),3.6,3.7,3.9,3.9,3.8,3.9,2.9,2.6,2.8,2.9,3.2,3.4
Chamical Aero,CUYO,-30.36,-66.3,462,Precipitation ,105,95.1,68.2,26.6,9.9,2.1,4.9,1.7,9.4,30.4,42.6,83.5
Chamical Aero,CUYO,-30.36,-66.3,462,Precipitation freq,8.6,6.6,6.8,4.4,2.7,1.5,1.4,1,2.2,2.9,5.4,7.2
Villa Dolores Aero,CENTRO,-31.95,-65.2,609,Temperature,25.1,23.7,21.8,17.7,13.8,10.7,10.1,12.9,15.8,20.3,22.8,24.6
Villa Dolores Aero,CENTRO,-31.95,-65.2,609,Max Temperature,32.3,31,28.8,24.9,21.1,18.3,18.2,21.3,24,28.1,30.4,31.9
Villa Dolores Aero,CENTRO,-31.95,-65.2,609,Min Temperature,18.1,17.1,16,12.2,8.7,5.6,4.5,6.6,8.8,12.8,15.2,17.3
Villa Dolores Aero,CENTRO,-31.95,-65.2,609,Hunidity,61.1,64.9,70.3,71.4,72.2,70.5,64.3,54.4,50.5,50.7,53,57.9
Villa Dolores Aero,CENTRO,-31.95,-65.2,609,Wind speed,7.1,5,4.6,5,4.6,4.3,5.6,6.5,7.1,8.7,8.6,7.3
Villa Dolores Aero,CENTRO,-31.95,-65.2,609,Nubosidad total (octavos),3.4,3.5,3.6,3.5,3.8,3.6,3.1,3,3.1,3.2,3.3,3.5
Villa Dolores Aero,CENTRO,-31.95,-65.2,609,Precipitation ,121.1,102.2,94.4,42.4,17.6,4.7,13.2,6.1,22.9,35.1,75.1,113.3
Villa Dolores Aero,CENTRO,-31.95,-65.2,609,Precipitation freq,10.5,9.1,8.6,5.5,3.7,1.8,2.5,1.6,3.7,4.8,8,10.5
Cordoba Aero,CENTRO,-31.32,-64.21,474,Temperature,23.4,22.2,20.7,17.2,13.7,10.7,10,12.5,14.9,18.6,20.9,22.9
Cordoba Aero,CENTRO,-31.32,-64.21,474,Max Temperature,29.4,28.3,26.9,23.6,20.5,18,17.6,20.3,22.3,25.6,27.5,29
Cordoba Aero,CENTRO,-31.32,-64.21,474,Min Temperature,17.5,16.6,15.5,11.7,8.3,5.1,4,5.9,8.2,11.9,14.4,16.8
Cordoba Aero,CENTRO,-31.32,-64.21,474,Hunidity,69.9,73.2,76,74.4,72.7,70.3,65.7,58.3,56.7,60,62.4,65.9
Cordoba Aero,CENTRO,-31.32,-64.21,474,Wind speed,12.6,11.3,11.4,11.5,11.2,10.9,12,13.5,14.8,15.8,15.8,13.7
Cordoba Aero,CENTRO,-31.32,-64.21,474,Nubosidad total (octavos),3.8,3.9,3.9,4,4.2,4,3.5,3.3,3.5,3.7,3.7,4
Cordoba Aero,CENTRO,-31.32,-64.21,474,Precipitation ,141,115.9,126.9,66.3,21.3,4.8,13.5,9.7,35.2,71.9,118.3,156.9
Cordoba Aero,CENTRO,-31.32,-64.21,474,Precipitation freq,11,9.5,9.6,6.4,4.3,2,2.7,1.7,3.7,6.7,8.9,11.1
Cordoba Observatorio,CENTRO,-31.42,-64.18,401,Temperature,24.3,23.1,21.7,18,14.5,11.4,10.8,13.3,15.7,19.5,21.8,23.7
Cordoba Observatorio,CENTRO,-31.42,-64.18,401,Max Temperature,30.9,29.6,28.1,24.8,21.3,18.7,18.3,21.1,23.2,26.6,28.7,30.3
Cordoba Observatorio,CENTRO,-31.42,-64.18,401,Min Temperature,18.5,17.5,16.4,12.8,9.4,6.3,5.5,7.3,9.5,13.3,15.6,17.9
Cordoba Observatorio,CENTRO,-31.42,-64.18,401,Hunidity,66.3,69.5,72.6,72.3,71.4,70.1,65.5,58,55.9,58,60.3,63.6
Cordoba Observatorio,CENTRO,-31.42,-64.18,401,Wind speed,,,,,,,,,,,,
Cordoba Observatorio,CENTRO,-31.42,-64.18,401,Nubosidad total (octavos),3.7,3.7,3.8,3.9,4.1,4,3.4,3.4,3.5,3.6,3.6,3.8
Cordoba Observatorio,CENTRO,-31.42,-64.18,401,Precipitation ,126.3,97,112.1,61.3,18.8,4.5,13.3,8.9,35.2,69.8,112.2,154.6
Cordoba Observatorio,CENTRO,-31.42,-64.18,401,Precipitation freq,12,10.3,10.3,7.1,5,2.8,3.2,2.2,4.9,7.6,10.5,12.7
Pilar Obs.,CENTRO,-31.67,-63.88,338,Temperature,23.4,22.1,20.6,17,13.6,10.5,9.7,11.9,14.3,18.3,20.8,22.9
Pilar Obs.,CENTRO,-31.67,-63.88,338,Max Temperature,29.9,28.6,27,23.7,20.2,17.4,17,19.8,22,25.3,27.7,29.4
Pilar Obs.,CENTRO,-31.67,-63.88,338,Min Temperature,17.9,16.9,15.7,12.1,8.6,5.5,4.4,5.8,8.2,12.2,14.8,17.1
Pilar Obs.,CENTRO,-31.67,-63.88,338,Hunidity,70.2,74.2,77.2,75.5,74.3,72.6,68,60.9,58.9,61.6,62.9,66.1
Pilar Obs.,CENTRO,-31.67,-63.88,338,Wind speed,,,,,,,,,,,,
Pilar Obs.,CENTRO,-31.67,-63.88,338,Nubosidad total (octavos),3.5,3.6,3.7,3.8,4.1,4,3.5,3.3,3.4,3.6,3.6,3.7
Pilar Obs.,CENTRO,-31.67,-63.88,338,Precipitation ,132.2,106.1,109.6,63.4,23.9,4.9,13.8,9.6,33.1,66.6,103.2,130.1
Pilar Obs.,CENTRO,-31.67,-63.88,338,Precipitation freq,10.7,9.1,9.5,7,4.8,2.9,2.9,2.3,4.5,7.4,9.9,11.7
Sauce Viejo Aero,PAMPEANA,-31.72,-60.82,18,Temperature,25.8,24.4,22.8,18.7,15.4,12.2,11.5,13.7,15.9,19.5,22.1,24.4
Sauce Viejo Aero,PAMPEANA,-31.72,-60.82,18,Max Temperature,31.8,30.1,28.5,24.3,21,17.6,17.3,19.9,21.9,25.4,27.9,30.2
Sauce Viejo Aero,PAMPEANA,-31.72,-60.82,18,Min Temperature,20.1,19.2,18,14.1,10.9,7.9,6.9,8.5,10.5,14.1,16.7,18.9
Sauce Viejo Aero,PAMPEANA,-31.72,-60.82,18,Hunidity,70.9,75.4,78.3,81.5,82.5,83.6,80.4,75.7,73,72.7,71.1,70.5
Sauce Viejo Aero,PAMPEANA,-31.72,-60.82,18,Wind speed,9.2,8.8,9.6,8.9,9.8,10.1,12.1,13.8,13.9,14.3,13.4,10.9
Sauce Viejo Aero,PAMPEANA,-31.72,-60.82,18,Nubosidad total (octavos),3,3.2,3.1,3.5,3.6,4,3.4,3.2,3.3,3.3,3.1,3.1
Sauce Viejo Aero,PAMPEANA,-31.72,-60.82,18,Precipitation ,95.4,112,146.4,116.2,49.4,31.5,23.9,28.4,53.2,110.5,128.9,124.9
Sauce Viejo Aero,PAMPEANA,-31.72,-60.82,18,Precipitation freq,7,7,7.9,7.8,4.7,3.5,3,3.3,4.9,7.3,7.5,8.2
Parana Aero,PAMPEANA,-31.8,-60.48,78,Temperature,25.1,23.6,22,18,14.8,12,11.3,13.2,15.1,18.5,21.3,23.6
Parana Aero,PAMPEANA,-31.8,-60.48,78,Max Temperature,31.2,29.6,27.9,23.5,20.2,16.9,16.6,19.3,21.1,24.5,27.2,29.6
Parana Aero,PAMPEANA,-31.8,-60.48,78,Min Temperature,19.3,18.5,17.1,13.6,10.6,8,7.1,8.4,9.9,13.1,15.6,17.8
Parana Aero,PAMPEANA,-31.8,-60.48,78,Hunidity,65.6,71.5,74.5,78.3,78.9,80.1,76.6,71.3,68.8,69.3,66.9,65.2
Parana Aero,PAMPEANA,-31.8,-60.48,78,Wind speed,10.6,10.3,9.6,9.5,9.4,10,11.3,12.7,13.4,13.9,13.2,12
Parana Aero,PAMPEANA,-31.8,-60.48,78,Nubosidad total (octavos),3,3.2,3.1,3.5,3.7,4.1,3.5,3.3,3.4,3.4,3.1,3.1
Parana Aero,PAMPEANA,-31.8,-60.48,78,Precipitation ,115.2,134.8,155,132.7,58.3,38.2,32.4,32.4,61.2,127.6,118.7,141.2
Parana Aero,PAMPEANA,-31.8,-60.48,78,Precipitation freq,7.6,8,8,8.4,5.4,4.9,4.3,4.3,5.6,9,8.2,9.2
Monte Caseros Aero,NEA,-30.25,-57.63,62,Temperature,26.3,25,23.5,19.6,16.1,13.7,13.1,15,16.6,20,22.5,25
Monte Caseros Aero,NEA,-30.25,-57.63,62,Max Temperature,32.6,31,29.6,25.3,21.7,18.9,18.8,21.3,22.4,25.8,28.4,31.2
Monte Caseros Aero,NEA,-30.25,-57.63,62,Min Temperature,20.6,19.9,18.5,15.2,11.7,9.5,8.8,10,11.5,14.6,16.8,19
Monte Caseros Aero,NEA,-30.25,-57.63,62,Hunidity,66.9,72.9,74.7,79,80.4,81.9,78.9,74.5,73.1,71.9,69.1,65.8
Monte Caseros Aero,NEA,-30.25,-57.63,62,Wind speed,,,,,,,,,,,,
Monte Caseros Aero,NEA,-30.25,-57.63,62,Nubosidad total (octavos),3.3,3.5,3.2,3.6,3.6,4.2,3.7,3.7,3.8,3.6,3.3,3.3
Monte Caseros Aero,NEA,-30.25,-57.63,62,Precipitation ,154.1,144.7,154.3,189.7,110.9,88.4,64.1,57.5,107.3,146.5,154,134.1
Monte Caseros Aero,NEA,-30.25,-57.63,62,Precipitation freq,8.3,8.8,8.5,9.5,7.6,7.8,6.4,5.8,7.9,9.4,8.3,8.1
Concordia Aero,NEA,-31.3,-58.02,34,Temperature,25.8,24.4,22.8,18.8,15.3,12.7,12.2,14.1,15.7,19.1,21.7,24.2
Concordia Aero,NEA,-31.3,-58.02,34,Max Temperature,32.2,30.4,28.8,24.5,20.8,17.9,17.8,20.2,21.8,25.1,27.7,30.6
Concordia Aero,NEA,-31.3,-58.02,34,Min Temperature,19.4,18.8,17.3,13.8,10.5,8.2,7.4,8.6,10.1,13.2,15.4,17.7
Concordia Aero,NEA,-31.3,-58.02,34,Hunidity,63.5,70.1,72.4,77.5,79.8,81,78,73.9,71.4,70.4,67.1,63.7
Concordia Aero,NEA,-31.3,-58.02,34,Wind speed,9.3,8.5,7.5,6.8,7,7.2,8.6,10.4,11.8,12.3,11.3,10.9
Concordia Aero,NEA,-31.3,-58.02,34,Nubosidad total (octavos),3.1,3.5,3.1,3.5,3.7,4.2,3.8,3.6,3.7,3.6,3.2,3.1
Concordia Aero,NEA,-31.3,-58.02,34,Precipitation ,133.9,145.7,156.5,163.4,99.7,82.4,52.2,58.7,85.6,136.9,140.8,121
Concordia Aero,NEA,-31.3,-58.02,34,Precipitation freq,8.3,8.4,8.2,9,7.8,7.8,6.9,6.4,7.1,8.8,7.8,7.8
San Martin (Mza),CUYO,-33.08,-68.47,654,Temperature,24.6,23.2,20.5,15.6,11.3,8,7.5,10.2,13.3,18,21.3,23.9
San Martin (Mza),CUYO,-33.08,-68.47,654,Max Temperature,32.4,31.1,28.1,23.5,19.1,15.7,15.4,18.6,21.5,26,29.2,31.7
San Martin (Mza),CUYO,-33.08,-68.47,654,Min Temperature,17.8,16.5,14.8,10.1,6.1,2.7,1.9,4,6.8,11,14,16.8
San Martin (Mza),CUYO,-33.08,-68.47,654,Hunidity,55.5,59.2,66.4,69.8,70.6,69.9,65,56.7,54.7,51.3,51.1,51.5
San Martin (Mza),CUYO,-33.08,-68.47,654,Wind speed,7.1,6.2,6,5.2,4.7,4.5,5.1,5.9,6.9,7.7,8.4,7.5
San Martin (Mza),CUYO,-33.08,-68.47,654,Nubosidad total (octavos),2.9,3,3.1,3,3.4,3.3,3,2.8,2.9,2.7,2.6,2.8
San Martin (Mza),CUYO,-33.08,-68.47,654,Precipitation ,45,36.3,43,15.8,9.2,3.7,6.8,6.4,12.4,12.7,20.1,28.4
San Martin (Mza),CUYO,-33.08,-68.47,654,Precipitation freq,6.3,5,4.4,2.6,2.2,1.4,1.9,1.6,2.7,2.2,3.7,5.3
Mendoza Aero,CUYO,-32.83,-68.78,704,Temperature,25.5,24,21.3,16.2,11.8,8.4,7.9,10.6,13.9,18.8,22.2,24.9
Mendoza Aero,CUYO,-32.83,-68.78,704,Max Temperature,32.3,30.9,27.9,23.2,18.7,15.7,15,18.3,21.1,25.9,29.2,31.8
Mendoza Aero,CUYO,-32.83,-68.78,704,Min Temperature,18.7,17.4,15.5,10.4,6.2,2.9,2.1,4.2,7.2,11.7,15.1,17.9
Mendoza Aero,CUYO,-32.83,-68.78,704,Hunidity,49.8,53.6,61.8,65.6,68.3,69.4,64.4,55.1,51.3,45.7,44.5,45.8
Mendoza Aero,CUYO,-32.83,-68.78,704,Wind speed,8.3,6.9,6,4.9,4.5,4.3,4.9,6,6.7,8.1,8.9,8.8
Mendoza Aero,CUYO,-32.83,-68.78,704,Nubosidad total (octavos),3.3,3.4,3.4,3.2,3.7,3.5,3.3,3.1,3.2,3,3,3.1
Mendoza Aero,CUYO,-32.83,-68.78,704,Precipitation ,50.5,33.7,34.9,16.5,10.5,6.3,8,8,15.1,10.4,16.4,24.3
Mendoza Aero,CUYO,-32.83,-68.78,704,Precipitation freq,6.1,5.1,4.9,3.5,3.2,2.1,2.7,2.4,3.8,3,4,4.3
Mendoza Observatorio,CUYO,-32.88,-68.82,704,Temperature,23.9,22.5,20,15.3,11.2,8.1,7.5,10,13,17.5,20.6,23.2
Mendoza Observatorio,CUYO,-32.88,-68.82,704,Max Temperature,30.4,29.1,26.5,22,17.9,15,14.5,17.3,19.9,24.2,27.3,29.8
Mendoza Observatorio,CUYO,-32.88,-68.82,704,Min Temperature,18.2,16.9,15.1,10.8,7,3.9,3.1,5.1,7.4,11.5,14.5,17.3
Mendoza Observatorio,CUYO,-32.88,-68.82,704,Hunidity,53.5,58.1,64.7,66.1,67.8,68.8,64.8,57.3,54.9,50.7,50.5,51.3
Mendoza Observatorio,CUYO,-32.88,-68.82,704,Wind speed,4.4,3.8,4,3.4,3,3.1,3.8,4.3,4.3,5.2,5.7,4.9
Mendoza Observatorio,CUYO,-32.88,-68.82,704,Nubosidad total (octavos),3.4,3.5,3.6,3.4,3.8,3.7,3.4,3.2,3.4,3.1,3.1,3.3
Mendoza Observatorio,CUYO,-32.88,-68.82,704,Precipitation ,40,43,38.7,19.6,12.9,8.7,10.9,10.4,18.8,13.7,20.7,28
Mendoza Observatorio,CUYO,-32.88,-68.82,704,Precipitation freq,7.4,6.5,7.4,4.4,3.7,3.2,3.5,3.4,4.9,4,4.4,5.7
San Luis Aero,CUYO,-33.27,-66.35,702,Temperature,24.4,23.2,20.8,16.6,12.9,10,9.4,11.9,14.7,18.9,21.6,23.8
San Luis Aero,CUYO,-33.27,-66.35,702,Max Temperature,31.1,30,27.3,23.3,19.7,17,16.6,19.3,21.8,25.8,28.4,30.5
San Luis Aero,CUYO,-33.27,-66.35,702,Min Temperature,17.9,17,15.3,11.3,7.7,4.5,3.7,5.9,8.5,12.5,15,17.1
San Luis Aero,CUYO,-33.27,-66.35,702,Hunidity,54.4,56.7,63.7,64.6,64.2,62.4,57.6,49.6,47,46.9,48.3,51.4
San Luis Aero,CUYO,-33.27,-66.35,702,Wind speed,18,16.7,15.1,14.8,13.8,14.2,15.4,17.3,17.9,21.7,20.9,20.1
San Luis Aero,CUYO,-33.27,-66.35,702,Nubosidad total (octavos),3.4,3.2,3.4,3.3,3.9,3.9,3.5,3.2,3.4,3.3,3.3,3.4
San Luis Aero,CUYO,-33.27,-66.35,702,Precipitation ,119.5,97.5,98.9,41.4,19.8,5.7,11.2,8.6,24.3,40.5,80.4,110.1
San Luis Aero,CUYO,-33.27,-66.35,702,Precipitation freq,10.2,8.3,7.9,5,3.3,1.9,2.7,2.2,4.3,5.4,7.8,10.6
Villa Reynolds Aero,CUYO,-33.73,-65.38,486,Temperature,22.9,21.7,19.5,15.1,11.2,7.9,7.1,9.6,12.7,16.9,19.8,22.2
Villa Reynolds Aero,CUYO,-33.73,-65.38,486,Max Temperature,30.8,30,27.7,23.9,20.3,17.4,16.9,19.7,22,25.2,27.8,30
Villa Reynolds Aero,CUYO,-33.73,-65.38,486,Min Temperature,15.2,14.3,12.7,8.3,4.4,1,-0.1,1.6,4.4,8.9,11.8,14.3
Villa Reynolds Aero,CUYO,-33.73,-65.38,486,Hunidity,68.2,70.7,76,76.5,76.4,75.9,72.2,65.7,63,62.9,63,65
Villa Reynolds Aero,CUYO,-33.73,-65.38,486,Wind speed,12.4,11.3,10.2,8.9,8.5,8.4,8.9,10.5,12.3,15.1,15.8,14.3
Villa Reynolds Aero,CUYO,-33.73,-65.38,486,Nubosidad total (octavos),3.8,3.6,3.7,3.6,4.1,4.2,3.8,3.7,3.8,4,3.9,3.9
Villa Reynolds Aero,CUYO,-33.73,-65.38,486,Precipitation ,103.7,85.7,94.6,55,28.5,9.5,18.8,17.1,35.2,58.8,85.9,113.1
Villa Reynolds Aero,CUYO,-33.73,-65.38,486,Precipitation freq,9.8,8.1,9,6,4.4,2.7,3.7,3.4,5.4,8.3,9.7,10.9
Rio Cuarto Aero,PAMPEANA,-33.13,-64.22,421,Temperature,22.9,21.8,20.1,16.3,12.7,9.7,8.9,11,13.6,17.4,20.1,22.2
Rio Cuarto Aero,PAMPEANA,-33.13,-64.22,421,Max Temperature,28.9,28,26.3,22.7,19,15.9,15.5,18.2,20.5,24,26.5,28.3
Rio Cuarto Aero,PAMPEANA,-33.13,-64.22,421,Min Temperature,17.5,16.6,15.2,11.5,8,4.9,4,5.6,7.9,11.6,14.3,16.6
Rio Cuarto Aero,PAMPEANA,-33.13,-64.22,421,Hunidity,67.8,70.2,74,72.9,72.2,70.9,66.8,60.2,58.6,60.8,61.2,63.8
Rio Cuarto Aero,PAMPEANA,-33.13,-64.22,421,Wind speed,15.9,14.3,13.7,13.8,12.4,13.5,15.1,16.7,18.3,19,18.3,16.8
Rio Cuarto Aero,PAMPEANA,-33.13,-64.22,421,Nubosidad total (octavos),3.4,3.4,3.4,3.5,3.9,3.9,3.5,3.3,3.5,3.7,3.6,3.6
Rio Cuarto Aero,PAMPEANA,-33.13,-64.22,421,Precipitation ,144.5,90.6,107.8,64.7,31.5,8.4,14.5,13.9,40.1,75.4,128.7,138.6
Rio Cuarto Aero,PAMPEANA,-33.13,-64.22,421,Precipitation freq,9.5,7.5,8.2,6,3.9,2.4,3.3,2.6,4.7,7.6,9.1,10.3
Marcos Juarez Aero,PAMPEANA,-32.7,-62.1,112,Temperature,23.8,22.2,20.7,16.9,13.3,10.2,9.3,11.4,13.9,17.9,20.9,23
Marcos Juarez Aero,PAMPEANA,-32.7,-62.1,112,Max Temperature,30.8,29.1,27.7,24,20.4,17,16.7,19.6,21.7,25.3,28.1,29.9
Marcos Juarez Aero,PAMPEANA,-32.7,-62.1,112,Min Temperature,17.5,16.4,15.1,11.5,8.1,5,3.8,5.1,7.2,11.3,14.2,16.5
Marcos Juarez Aero,PAMPEANA,-32.7,-62.1,112,Hunidity,73.8,78.7,80,80,80.4,81.2,78.2,73.7,70.8,70,68,70.2
Marcos Juarez Aero,PAMPEANA,-32.7,-62.1,112,Wind speed,8.5,8,9.1,8.9,8.9,9,10.4,12.4,13.7,13.9,13.3,10.4
Marcos Juarez Aero,PAMPEANA,-32.7,-62.1,112,Nubosidad total (octavos),3.2,3.1,3.1,3.4,3.7,4,3.5,3.2,3.3,3.4,3.3,3.3
Marcos Juarez Aero,PAMPEANA,-32.7,-62.1,112,Precipitation ,114.3,115,108.1,96.3,36.8,15.8,17,21.2,43.1,94.6,101.1,148.3
Marcos Juarez Aero,PAMPEANA,-32.7,-62.1,112,Precipitation freq,8.3,7.8,8.4,7.3,5,3.7,3.4,3.6,4.9,8,8.7,9.6
Rosario Aero,PAMPEANA,-32.9,-60.78,25,Temperature,24.6,23.2,21.4,17.3,13.8,10.7,10,12.1,14.5,18.1,21,23.4
Rosario Aero,PAMPEANA,-32.9,-60.78,25,Max Temperature,30.8,29.2,27.4,23.5,19.9,16.6,16.2,18.9,20.9,24.2,27.1,29.6
Rosario Aero,PAMPEANA,-32.9,-60.78,25,Min Temperature,18.4,17.5,16,12.1,8.7,6,4.8,6.2,8.3,12,14.7,17.2
Rosario Aero,PAMPEANA,-32.9,-60.78,25,Hunidity,68.2,73.7,77.2,80,81.1,82.2,79.6,74.7,70.6,70.4,67.9,67.2
Rosario Aero,PAMPEANA,-32.9,-60.78,25,Wind speed,11.1,10,10.1,9.3,9.3,10,11.1,12.4,13.8,14.5,13.8,11.9
Rosario Aero,PAMPEANA,-32.9,-60.78,25,Nubosidad total (octavos),3.2,3.3,3.1,3.5,3.8,4.3,3.7,3.5,3.5,3.6,3.4,3.3
Rosario Aero,PAMPEANA,-32.9,-60.78,25,Precipitation ,111.8,120.6,144.8,111.8,59,27.7,24.7,32.4,47.4,108.5,112.3,120.6
Rosario Aero,PAMPEANA,-32.9,-60.78,25,Precipitation freq,7.9,7.6,8.1,8.2,5.2,4.7,4.1,4.2,5.3,8.9,8.6,9.4
Gualeguaychu Aero,PAMPEANA,-33.01,-58.61,23,Temperature,25.1,23.7,22,17.8,14.2,11.3,10.7,12.8,14.7,18,20.9,23.4
Gualeguaychu Aero,PAMPEANA,-33.01,-58.61,23,Max Temperature,31.6,29.8,28.2,23.9,20.2,17.1,16.7,19.2,20.6,24,27,29.9
Gualeguaychu Aero,PAMPEANA,-33.01,-58.61,23,Min Temperature,18.8,18,16.5,12.6,9.3,6.7,6,7.4,9,12.1,14.7,17
Gualeguaychu Aero,PAMPEANA,-33.01,-58.61,23,Hunidity,65.1,71.6,74.3,78.8,80.7,82.5,80.3,75.9,72.9,71.9,68.9,65.4
Gualeguaychu Aero,PAMPEANA,-33.01,-58.61,23,Wind speed,9.2,8.1,7.9,7.6,8.1,8.6,9.6,10.5,11.5,11.3,11.7,10.4
Gualeguaychu Aero,PAMPEANA,-33.01,-58.61,23,Nubosidad total (octavos),3.1,3.3,3.1,3.4,3.7,4.1,3.7,3.6,3.5,3.5,3.3,3.2
Gualeguaychu Aero,PAMPEANA,-33.01,-58.61,23,Precipitation ,109.6,102.5,131.6,113.9,82.7,56,50.6,54.4,71,110.1,119.9,116.5
Gualeguaychu Aero,PAMPEANA,-33.01,-58.61,23,Precipitation freq,7.6,7.6,8.1,8.7,6.6,6.5,6.1,5.8,6.9,9.2,8.3,8.6
Malargue Aero,CUYO,-35.48,-69.58,1425,Temperature,20,18.7,16.2,11.3,7.1,4.6,3.6,5.5,8.2,12.6,16,19
Malargue Aero,CUYO,-35.48,-69.58,1425,Max Temperature,28.5,27.1,24.7,19.9,15,12.1,11.4,13.7,16.3,20.6,24.3,27.2
Malargue Aero,CUYO,-35.48,-69.58,1425,Min Temperature,11.2,10.5,8.8,4.4,1,-1.1,-2.4,-1.2,0.9,4.4,7.2,10.1
Malargue Aero,CUYO,-35.48,-69.58,1425,Hunidity,46,51.6,58.2,62,64.2,66.3,64.2,59,53.5,45.8,42.8,43.1
Malargue Aero,CUYO,-35.48,-69.58,1425,Wind speed,8.7,7.9,6.5,6.9,6.9,8.1,9.6,9.4,9.4,10.8,10.7,10.1
Malargue Aero,CUYO,-35.48,-69.58,1425,Nubosidad total (octavos),2.6,2.8,3.1,3.3,4,4.1,3.9,3.7,3.7,3.5,3.1,2.8
Malargue Aero,CUYO,-35.48,-69.58,1425,Precipitation ,25,26.4,33.5,22.9,26.9,38.7,34.1,30.1,23.9,19.6,22.3,29.6
Malargue Aero,CUYO,-35.48,-69.58,1425,Precipitation freq,5,5.7,4.9,3.5,4.9,6,4.9,5,5.2,4,3.7,4.3
San Rafael Aero,CUYO,-34.59,-68.4,748,Temperature,23.3,22,19.3,14.5,10.5,7.7,6.9,9,11.8,16.3,19.6,22.4
San Rafael Aero,CUYO,-34.59,-68.4,748,Max Temperature,31.1,30,27,22.5,18.5,15.8,15.2,17.6,19.8,24.2,27.5,30.2
San Rafael Aero,CUYO,-34.59,-68.4,748,Min Temperature,15.4,14.5,12.8,8.4,4.8,2,0.9,2.4,4.7,8.3,11.2,14
San Rafael Aero,CUYO,-34.59,-68.4,748,Hunidity,53.6,56.8,63.6,66.9,68,66.1,63.4,57.2,55.8,51.9,50.2,50.7
San Rafael Aero,CUYO,-34.59,-68.4,748,Wind speed,,,,,,,,,,,,
San Rafael Aero,CUYO,-34.59,-68.4,748,Nubosidad total (octavos),2.7,2.7,2.9,2.9,3.4,3.4,3.2,3,3.1,3,2.8,2.6
San Rafael Aero,CUYO,-34.59,-68.4,748,Precipitation ,61,42.8,37.2,26.1,15.6,9.1,13.2,16,27.4,30.5,38.6,45.3
San Rafael Aero,CUYO,-34.59,-68.4,748,Precipitation freq,7.5,6.1,5.3,4.1,3.7,2.9,2.8,3.3,4.7,4.7,5.7,6.7
General Pico Aero,PAMPEANA,-35.68,-63.75,145,Temperature,23.8,22.5,20.2,16,12,8.8,8.1,10.4,13.1,16.7,20,22.8
General Pico Aero,PAMPEANA,-35.68,-63.75,145,Max Temperature,30.7,29.7,27.2,22.9,18.7,15.2,14.8,17.7,20.2,23.6,27,29.7
General Pico Aero,PAMPEANA,-35.68,-63.75,145,Min Temperature,16.9,15.8,14.4,10.3,6.6,3.6,2.6,4.1,6.5,10.2,13.2,15.8
General Pico Aero,PAMPEANA,-35.68,-63.75,145,Hunidity,64.7,67.4,72.2,73.8,76.5,78.2,75.1,67.2,65.2,65.1,60.1,59.7
General Pico Aero,PAMPEANA,-35.68,-63.75,145,Wind speed,12.4,10.8,10.9,9.6,9.8,9.5,10.7,14.1,14.4,15.6,15.5,13.6
General Pico Aero,PAMPEANA,-35.68,-63.75,145,Nubosidad total (octavos),3.2,3,3.4,3.4,3.8,4.2,3.9,3.5,3.7,3.7,3.4,3.3
General Pico Aero,PAMPEANA,-35.68,-63.75,145,Precipitation ,111.2,102.7,143.8,70.4,32.8,17.4,22,24.9,55.2,87.2,99.8,124.4
General Pico Aero,PAMPEANA,-35.68,-63.75,145,Precipitation freq,8.5,6.7,8.9,6.2,4.7,3.8,4.2,3.4,5.9,8.9,8.4,8.9
Laboulaye Aero,PAMPEANA,-34.13,-63.38,142,Temperature,23.1,21.9,19.9,15.8,12.2,8.9,8.1,10.2,12.8,16.6,19.6,22.2
Laboulaye Aero,PAMPEANA,-34.13,-63.38,142,Max Temperature,30.3,29.3,27.1,23,19.3,15.9,15.5,18.3,20.7,23.8,26.9,29.3
Laboulaye Aero,PAMPEANA,-34.13,-63.38,142,Min Temperature,16.7,15.6,14.2,10.4,6.9,3.8,2.7,3.9,6.2,10.2,13.1,15.7
Laboulaye Aero,PAMPEANA,-34.13,-63.38,142,Hunidity,70.3,72.9,77.1,77.6,78.1,78.3,74.7,68.8,66.7,68.2,66.5,66.7
Laboulaye Aero,PAMPEANA,-34.13,-63.38,142,Wind speed,10.2,8.6,9.2,8.1,8,8,8.9,11.5,12.9,14.8,14.5,12.6
Laboulaye Aero,PAMPEANA,-34.13,-63.38,142,Nubosidad total (octavos),3.4,3.2,3.4,3.6,4.1,4.3,3.9,3.6,3.6,3.8,3.5,3.5
Laboulaye Aero,PAMPEANA,-34.13,-63.38,142,Precipitation ,120.7,105.7,138.8,83.4,36,11.7,17.6,17.2,47.3,91,105,128.7
Laboulaye Aero,PAMPEANA,-34.13,-63.38,142,Precipitation freq,9.9,8.1,9.4,7.5,4.9,3.9,4.1,3.6,5.7,9.3,10.3,10.9
Pehuajo Aero,PAMPEANA,-35.83,-61.88,86,Temperature,22.5,21.3,19.2,15.3,11.8,8.6,8,9.9,12.3,15.6,18.6,21.4
Pehuajo Aero,PAMPEANA,-35.83,-61.88,86,Max Temperature,29.6,28.3,26.1,22,17.9,14.4,14,16.7,18.8,22,25.3,28.3
Pehuajo Aero,PAMPEANA,-35.83,-61.88,86,Min Temperature,16.1,14.9,13.4,9.9,6.7,3.9,3,4.2,6.3,9.9,12.5,14.9
Pehuajo Aero,PAMPEANA,-35.83,-61.88,86,Hunidity,69.9,73.5,77.6,78.4,80.3,82,79.8,74.2,72.6,73.1,70,67.9
Pehuajo Aero,PAMPEANA,-35.83,-61.88,86,Wind speed,12,10.7,11.7,9.9,9.2,9,10.3,12.8,14,15.5,15,14.4
Pehuajo Aero,PAMPEANA,-35.83,-61.88,86,Nubosidad total (octavos),3.4,3.2,3.4,3.5,4,4.3,4.1,3.8,3.8,3.9,3.6,3.4
Pehuajo Aero,PAMPEANA,-35.83,-61.88,86,Precipitation ,119.6,101.2,149.3,79.9,49,25.8,24,28.8,63.6,116.1,104.3,107
Pehuajo Aero,PAMPEANA,-35.83,-61.88,86,Precipitation freq,8.6,6.6,8.8,6.5,5.3,4.5,4.5,4.1,5.9,9.2,8,8.8
Junin Aero,PAMPEANA,-34.55,-60.93,81,Temperature,23,21.7,19.7,15.8,12.4,9.3,8.6,10.7,12.9,16.3,19.4,22
Junin Aero,PAMPEANA,-34.55,-60.93,81,Max Temperature,29.8,28.4,26.6,22.6,19,15.5,15,17.7,19.7,22.7,26,28.8
Junin Aero,PAMPEANA,-34.55,-60.93,81,Min Temperature,16.6,15.8,14.2,10.4,7.2,4.5,3.6,4.8,6.7,10.1,12.8,15.2
Junin Aero,PAMPEANA,-34.55,-60.93,81,Hunidity,69.6,74.4,77.2,77.8,78.5,79.3,77.1,72.3,70.1,71.1,67.8,65.9
Junin Aero,PAMPEANA,-34.55,-60.93,81,Wind speed,11.6,9.9,10.6,9.7,10.1,10.2,11.4,13.1,14.5,15.2,15.5,13.4
Junin Aero,PAMPEANA,-34.55,-60.93,81,Nubosidad total (octavos),3.4,3.3,3.3,3.5,3.9,4.3,4,3.7,3.7,3.8,3.6,3.5
Junin Aero,PAMPEANA,-34.55,-60.93,81,Precipitation ,132.3,118.8,133.2,109.1,61.2,26.8,31.5,32.4,55.3,122.8,110.7,110
Junin Aero,PAMPEANA,-34.55,-60.93,81,Precipitation freq,8.2,7.8,9,7.6,5.3,4.4,4.8,4.5,5.9,9.9,9.2,8.6
Nueve De Julio,PAMPEANA,-35.45,-60.88,90,Temperature,23.5,22.1,19.8,15.8,12.2,9.2,8.7,10.7,13.1,16.2,19.5,22.2
Nueve De Julio,PAMPEANA,-35.45,-60.88,90,Max Temperature,30.5,29.1,26.8,22.5,18.7,15,14.5,17.2,19.4,22.6,26.1,29.1
Nueve De Julio,PAMPEANA,-35.45,-60.88,90,Min Temperature,16.7,15.9,14.3,10.6,7.5,4.8,4,5.3,7,10.3,12.9,15.3
Nueve De Julio,PAMPEANA,-35.45,-60.88,90,Hunidity,64.3,69.1,74.1,76,78.3,78.9,77,70.4,68.2,69,65.1,63.4
Nueve De Julio,PAMPEANA,-35.45,-60.88,90,Wind speed,9.6,8.4,8.8,8.4,8.8,8.2,9.4,10.7,10.9,11.7,11.3,10.3
Nueve De Julio,PAMPEANA,-35.45,-60.88,90,Nubosidad total (octavos),3.1,3.1,3.3,3.4,3.8,4.2,4,3.6,3.6,3.6,3.5,3.2
Nueve De Julio,PAMPEANA,-35.45,-60.88,90,Precipitation ,127.9,114.2,144.8,110.3,60.8,38.4,38.3,35.2,61.7,113,108.8,106.9
Nueve De Julio,PAMPEANA,-35.45,-60.88,90,Precipitation freq,8.9,7.4,9.5,8.1,6.5,5.9,6.6,5.1,6.5,10.3,9.7,9.5
San Miguel,PAMPEANA,-34.55,-58.72,25,Temperature,24.2,22.7,20.9,16.9,13.4,10.6,10.2,12,14,17.1,20,22.5
San Miguel,PAMPEANA,-34.55,-58.72,25,Max Temperature,30.1,28.5,26.7,22.6,19,15.7,15.2,17.6,19.3,22.6,25.5,28.4
San Miguel,PAMPEANA,-34.55,-58.72,25,Min Temperature,18.6,17.8,16.1,12.2,9,6.6,6,7.2,9,11.9,14.6,17.1
San Miguel,PAMPEANA,-34.55,-58.72,25,Hunidity,69.4,74.4,77.6,80.6,82.7,82.8,81,76.9,74.2,73.1,70.9,69.5
San Miguel,PAMPEANA,-34.55,-58.72,25,Wind speed,8.6,7.4,6.6,6.1,6.1,6.6,6.5,7.8,8.8,9.2,9.1,8.7
San Miguel,PAMPEANA,-34.55,-58.72,25,Nubosidad total (octavos),3.9,3.7,3.7,4,4.4,4.8,4.6,4.3,4.3,4.1,4.1,3.9
San Miguel,PAMPEANA,-34.55,-58.72,25,Precipitation ,116.3,128.6,118,110.1,74.1,51.4,59.7,58.6,,124.9,121.5,108.4
San Miguel,PAMPEANA,-34.55,-58.72,25,Precipitation freq,8.4,8.2,8.6,9.9,7.1,7.5,7.3,6.7,,9.9,9.9,9.2
El Palomar Aero,PAMPEANA,-34.61,-58.6,18,Temperature,24.1,22.9,20.9,16.7,13.1,10.2,9.6,11.6,13.6,16.8,19.7,22.4
El Palomar Aero,PAMPEANA,-34.61,-58.6,18,Max Temperature,29.9,28.5,26.5,22.5,18.9,15.7,15.1,17.4,19.2,22.3,25.2,28.3
El Palomar Aero,PAMPEANA,-34.61,-58.6,18,Min Temperature,18.1,17.3,15.5,11.4,7.9,5.5,4.8,6.2,8,11.2,13.7,16.4
El Palomar Aero,PAMPEANA,-34.61,-58.6,18,Hunidity,65.8,70.8,74.9,78.9,80.7,81,79.4,75.9,72.3,71.9,68.9,65.8
El Palomar Aero,PAMPEANA,-34.61,-58.6,18,Wind speed,11.4,10.9,9.6,8.7,8.6,9.1,9.8,11,12.6,11.9,12.1,11.7
El Palomar Aero,PAMPEANA,-34.61,-58.6,18,Nubosidad total (octavos),3.5,3.4,3.4,3.7,4,4.4,4.2,4,3.9,4,3.8,3.5
El Palomar Aero,PAMPEANA,-34.61,-58.6,18,Precipitation ,117.5,115,121.9,104.3,78.9,49.7,50.3,54.5,57.2,117.7,106.6,105.9
El Palomar Aero,PAMPEANA,-34.61,-58.6,18,Precipitation freq,7.6,7.3,7.9,8,6,6,5.9,6,6.6,9,8.5,7.9
Ezeiza Aero,PAMPEANA,-34.82,-58.54,20,Temperature,23.9,22.7,20.8,16.7,13.2,10.3,9.6,11.5,13.4,16.7,19.6,22.3
Ezeiza Aero,PAMPEANA,-34.82,-58.54,20,Max Temperature,30.2,28.5,26.7,22.5,18.8,15.6,14.9,17.3,19,22.2,25.4,28.5
Ezeiza Aero,PAMPEANA,-34.82,-58.54,20,Min Temperature,17.7,16.9,15.3,11.4,8.2,5.8,4.9,6.1,7.8,10.9,13.5,15.9
Ezeiza Aero,PAMPEANA,-34.82,-58.54,20,Hunidity,66.3,71.6,75.3,78.6,79.4,79.7,78.9,75.7,72.9,72,69.3,66.2
Ezeiza Aero,PAMPEANA,-34.82,-58.54,20,Wind speed,13.3,12.5,11.2,10.5,10.3,10.9,11.5,12.5,14.1,13.7,13.9,13.4
Ezeiza Aero,PAMPEANA,-34.82,-58.54,20,Nubosidad total (octavos),3.6,3.6,3.6,3.8,4.3,4.7,4.5,4.3,4.2,4.1,4,3.7
Ezeiza Aero,PAMPEANA,-34.82,-58.54,20,Precipitation ,101.7,113.1,114.4,93.2,76.6,47.3,47.2,55.1,59.7,110.5,103,98
Ezeiza Aero,PAMPEANA,-34.82,-58.54,20,Precipitation freq,7.6,7.6,8.3,8.3,6.5,6.7,6.7,6.6,7,9.6,9.3,8.4
Aeroparque Aero,PAMPEANA,-34.56,-58.42,6,Temperature,24.5,23.5,22,18.2,15,12,11.2,12.7,14.4,17.7,20.3,22.9
Aeroparque Aero,PAMPEANA,-34.56,-58.42,6,Max Temperature,28.4,27.2,25.5,21.7,18.3,15.1,14.3,16.3,17.9,21.2,24.2,27
Aeroparque Aero,PAMPEANA,-34.56,-58.42,6,Min Temperature,20.8,20,18.6,14.9,11.9,9.1,8.3,9.6,11.1,14.1,16.6,19.1
Aeroparque Aero,PAMPEANA,-34.56,-58.42,6,Hunidity,67.8,70.9,72.3,74.6,75.5,77.5,76.6,74.8,72.2,70.5,68.7,66.6
Aeroparque Aero,PAMPEANA,-34.56,-58.42,6,Wind speed,17.2,16.4,15.5,14.1,13.7,13.4,14.2,15.3,17.7,17.7,18.1,17.4
Aeroparque Aero,PAMPEANA,-34.56,-58.42,6,Nubosidad total (octavos),3.1,3.2,3.2,3.4,3.9,4.3,4.1,3.9,3.8,3.7,3.5,3.3
Aeroparque Aero,PAMPEANA,-34.56,-58.42,6,Precipitation ,117.4,107.7,127.6,105.6,84.4,48.7,52.8,56.3,61.7,110.4,103.7,105.2
Aeroparque Aero,PAMPEANA,-34.56,-58.42,6,Precipitation freq,8.3,7.9,8.3,8.3,6.3,6.3,6.5,6.1,6.8,9.4,8.9,8.2
Buenos Aires,PAMPEANA,-34.6,-58.38,25,Temperature,24.9,23.6,21.9,17.9,14.6,11.6,11,12.8,14.6,17.9,20.6,23.3
Buenos Aires,PAMPEANA,-34.6,-58.38,25,Max Temperature,30.1,28.7,26.8,22.9,19.3,16,15.3,17.7,19.3,22.7,25.6,28.5
Buenos Aires,PAMPEANA,-34.6,-58.38,25,Min Temperature,20.1,19.2,17.7,13.8,10.7,8.1,7.4,8.8,10.3,13.3,15.9,18.4
Buenos Aires,PAMPEANA,-34.6,-58.38,25,Hunidity,64.7,69.7,72.6,76.3,77.5,78.7,77.4,73.2,70.1,69.1,66.7,63.6
Buenos Aires,PAMPEANA,-34.6,-58.38,25,Wind speed,10,9.5,8.8,7.7,7.9,8.2,8.6,9.2,10.2,10.1,10.2,10.2
Buenos Aires,PAMPEANA,-34.6,-58.38,25,Nubosidad total (octavos),3.3,3.3,3.3,3.5,4,4.4,4.1,4,3.9,3.8,3.7,3.4
Buenos Aires,PAMPEANA,-34.6,-58.38,25,Precipitation ,138.7,127.2,140.1,118.9,92.3,58.7,60.5,64.4,72.2,127.2,117.5,118.9
Buenos Aires,PAMPEANA,-34.6,-58.38,25,Precipitation freq,9,8,8.8,9.1,7.1,7.1,7.2,6.8,7.4,10.2,9.8,9.2
La Plata Aero,PAMPEANA,-34.97,-57.89,22,Temperature,22.8,21.8,20,16.2,12.7,9.9,8.9,10.7,12.5,15.7,18.4,21.1
La Plata Aero,PAMPEANA,-34.97,-57.89,22,Max Temperature,28.9,27.6,25.7,21.8,18,14.7,14,16.3,17.8,21.1,24.1,27.3
La Plata Aero,PAMPEANA,-34.97,-57.89,22,Min Temperature,17.5,16.9,15.4,11.6,8.4,5.9,5.1,6.3,7.7,10.7,13.4,15.8
La Plata Aero,PAMPEANA,-34.97,-57.89,22,Hunidity,73.6,78.1,80.6,81.9,83.2,84.2,83.3,81.1,79.2,79.1,76.4,72.9
La Plata Aero,PAMPEANA,-34.97,-57.89,22,Wind speed,13.6,13.5,12.3,10.5,10.6,10.6,11.3,12.6,14.4,13.8,13.9,14.2
La Plata Aero,PAMPEANA,-34.97,-57.89,22,Nubosidad total (octavos),3.2,3.2,3.2,3.4,3.8,4.2,4.1,3.9,3.8,3.8,3.5,3.3
La Plata Aero,PAMPEANA,-34.97,-57.89,22,Precipitation ,108.8,114.3,124.5,86.8,79.3,52.6,61.4,61.3,69.8,110.6,103.9,95.2
La Plata Aero,PAMPEANA,-34.97,-57.89,22,Precipitation freq,8.1,7.2,8,7.4,6,6.2,6.3,6.4,6.9,8.8,8.4,7.6
Punta Indio B.A.,PAMPEANA,-35.35,-57.28,15,Temperature,22.8,22,20.4,16.5,12.9,10,9,10.7,12.5,15.7,18.5,21.2
Punta Indio B.A.,PAMPEANA,-35.35,-57.28,15,Max Temperature,28,26.8,25.2,21.4,17.9,14.6,13.8,15.7,17.2,20.6,23.3,26.3
Punta Indio B.A.,PAMPEANA,-35.35,-57.28,15,Min Temperature,18.3,17.6,16.2,12.3,9,6.2,5.4,6.7,8.2,11.3,14,16.7
Punta Indio B.A.,PAMPEANA,-35.35,-57.28,15,Hunidity,76.7,79.7,81.5,83.7,85.2,86.2,86,84.4,82.1,80.9,78.9,76.1
Punta Indio B.A.,PAMPEANA,-35.35,-57.28,15,Wind speed,18.8,17.9,16.2,14,14.3,13.8,14.4,16.3,18.5,18.1,18.3,19.2
Punta Indio B.A.,PAMPEANA,-35.35,-57.28,15,Nubosidad total (octavos),3.7,3.6,3.5,3.6,4.1,4.4,4.3,4.2,4.1,4.1,4,3.8
Punta Indio B.A.,PAMPEANA,-35.35,-57.28,15,Precipitation ,84.1,112.6,109.2,95.2,68.5,64.7,64.7,71.1,73.3,100.2,107.9,78.7
Punta Indio B.A.,PAMPEANA,-35.35,-57.28,15,Precipitation freq,6.2,7.3,7.4,7.3,6,5.3,6.4,6.5,6.3,8.4,7.4,6.6
Santa Rosa Aero,PAMPEANA,-36.57,-64.27,175,Temperature,23.6,22.1,19.5,14.9,11,7.9,7.2,9.5,12.1,15.9,19.4,22.5
Santa Rosa Aero,PAMPEANA,-36.57,-64.27,175,Max Temperature,31,29.8,26.9,22.4,18,14.7,14.2,17.2,19.7,23.1,26.7,29.8
Santa Rosa Aero,PAMPEANA,-36.57,-64.27,175,Min Temperature,16.4,15.1,13.4,9.2,5.7,3,2,3.4,5.7,9.2,12.2,15.1
Santa Rosa Aero,PAMPEANA,-36.57,-64.27,175,Hunidity,58.6,62.6,69.6,72.1,75.4,75.9,72.7,64.8,63,62.1,57.6,55.4
Santa Rosa Aero,PAMPEANA,-36.57,-64.27,175,Wind speed,,,,,,,,,,,,
Santa Rosa Aero,PAMPEANA,-36.57,-64.27,175,Nubosidad total (octavos),3.4,3.1,3.4,3.6,4.2,4.6,4.3,4,4,3.9,3.6,3.4
Santa Rosa Aero,PAMPEANA,-36.57,-64.27,175,Precipitation ,94.6,81,102.3,58,32.9,15.5,21.5,28.1,50.9,74.7,81.7,104.3
Santa Rosa Aero,PAMPEANA,-36.57,-64.27,175,Precipitation freq,9.1,6.8,8,6,5.1,4.3,4.3,3.7,5.7,8.5,7.8,8.4
Coronel Suarez Aero,PAMPEANA,-37.47,-61.93,234,Temperature,21,19.8,17.5,13.3,9.5,6.6,5.9,7.9,10.3,13.5,16.6,20
Coronel Suarez Aero,PAMPEANA,-37.47,-61.93,234,Max Temperature,28.7,27.4,24.8,20.4,16.1,12.7,12.3,14.9,17.1,20.3,23.9,27.4
Coronel Suarez Aero,PAMPEANA,-37.47,-61.93,234,Min Temperature,13.8,12.7,11.1,7,3.8,1.3,0.4,1.4,3.4,6.6,9.3,12
Coronel Suarez Aero,PAMPEANA,-37.47,-61.93,234,Hunidity,64.7,69.4,74.4,76.7,79.7,81.1,79.1,72.8,71.3,71.7,66.9,62.1
Coronel Suarez Aero,PAMPEANA,-37.47,-61.93,234,Wind speed,,,,,,,,,,,,
Coronel Suarez Aero,PAMPEANA,-37.47,-61.93,234,Nubosidad total (octavos),3.9,3.5,3.7,3.7,4.2,4.6,4.3,4.2,4.1,4.1,3.9,3.9
Coronel Suarez Aero,PAMPEANA,-37.47,-61.93,234,Precipitation ,112.3,80.4,95.9,70.9,47.4,22.1,28.5,32.4,58.1,99.7,74.3,84.1
Coronel Suarez Aero,PAMPEANA,-37.47,-61.93,234,Precipitation freq,9.2,6.6,8.9,7.2,6.1,5,5.3,5,6.8,9.7,8.8,8.9
Tandil Aero,PAMPEANA,-37.25,-59.13,175,Temperature,20.8,19.7,17.6,13.5,10,7.2,6.3,8.1,10.1,13.5,16.4,19.3
Tandil Aero,PAMPEANA,-37.25,-59.13,175,Max Temperature,28.1,26.8,24.3,20.3,16.4,13,12.4,14.7,16.6,19.8,23,26.4
Tandil Aero,PAMPEANA,-37.25,-59.13,175,Min Temperature,13.6,13,11.5,7.6,4.8,2.3,1.4,2.6,4.1,7.2,9.7,11.9
Tandil Aero,PAMPEANA,-37.25,-59.13,175,Hunidity,68.3,73,76.9,78.1,80.7,81,80.7,76.2,74.6,73.5,70.7,66.5
Tandil Aero,PAMPEANA,-37.25,-59.13,175,Wind speed,13.8,12.7,12,11.1,11.4,12.1,12.5,14,15.4,15.5,14.9,14.4
Tandil Aero,PAMPEANA,-37.25,-59.13,175,Nubosidad total (octavos),3.5,3.4,3.6,3.6,4.1,4.5,4.4,4.2,4.2,4.1,3.9,3.5
Tandil Aero,PAMPEANA,-37.25,-59.13,175,Precipitation ,108.5,90.2,98.8,71.3,59.7,37.2,37.6,45.2,58.6,97.7,94.6,79.2
Tandil Aero,PAMPEANA,-37.25,-59.13,175,Precipitation freq,8.7,6.9,8.3,6.7,5.9,5.5,6.1,5.5,6.8,9.2,8.5,7.4
Dolores Aero,PAMPEANA,-36.33,-57.68,6,Temperature,21.8,20.8,19,15.1,11.6,8.7,7.8,9.8,11.7,14.9,17.6,20.3
Dolores Aero,PAMPEANA,-36.33,-57.68,6,Max Temperature,28.6,27.4,25.6,21.6,17.9,14.3,13.6,15.9,17.5,21,23.8,27
Dolores Aero,PAMPEANA,-36.33,-57.68,6,Min Temperature,,14.7,13.3,,,,,,,,,
Dolores Aero,PAMPEANA,-36.33,-57.68,6,Hunidity,73.5,77.2,79.8,81.5,83.4,84.9,84,81.3,79.7,77.6,75.3,72
Dolores Aero,PAMPEANA,-36.33,-57.68,6,Wind speed,10,8.4,7.6,7.9,7.7,8.2,9.9,10.2,11.2,11.4,12,10.8
Dolores Aero,PAMPEANA,-36.33,-57.68,6,Nubosidad total (octavos),3.6,3.3,3.4,3.5,3.9,4.3,4.2,4,4,4,3.8,3.6
Dolores Aero,PAMPEANA,-36.33,-57.68,6,Precipitation ,108.4,99.8,90.4,97.4,58.7,59.9,59.6,59,,102.1,108.7,83.9
Dolores Aero,PAMPEANA,-36.33,-57.68,6,Precipitation freq,8.3,8.1,8.4,7.9,7.2,7.4,7.2,6.7,,9.7,9.4,8.3
Pigue Aero,PAMPEANA,-37.6,-62.4,287,Temperature,21.1,20,17.6,13.4,9.7,6.8,6.1,8.2,10.2,13.5,16.7,20.1
Pigue Aero,PAMPEANA,-37.6,-62.4,287,Max Temperature,28.8,27.4,24.5,19.8,15.6,12.2,11.6,14.4,16.7,20,23.7,27.5
Pigue Aero,PAMPEANA,-37.6,-62.4,287,Min Temperature,14.3,13.3,11.7,7.7,4.6,2.1,1.2,2.5,4.1,7.3,9.9,12.8
Pigue Aero,PAMPEANA,-37.6,-62.4,287,Hunidity,61,65.6,70.9,73.8,77.3,78.7,76.5,69.2,69,68,63.8,58.5
Pigue Aero,PAMPEANA,-37.6,-62.4,287,Wind speed,11.9,10.8,10.2,9.1,8.8,9.4,10.9,12,12.8,12.4,12.9,12.5
Pigue Aero,PAMPEANA,-37.6,-62.4,287,Nubosidad total (octavos),3.8,3.6,3.8,3.9,4.5,5,4.6,4.5,4.3,4.2,4.1,3.9
Pigue Aero,PAMPEANA,-37.6,-62.4,287,Precipitation ,,101.6,92.8,,,22.5,26.2,34.8,63.2,95.5,87.1,88.3
Pigue Aero,PAMPEANA,-37.6,-62.4,287,Precipitation freq,,7.4,8.4,,,6.3,6.5,5.9,7.2,9.7,8.9,8.9
Tres Arroyos,PAMPEANA,-38.38,-60.28,123,Temperature,21.5,20.4,18.1,14.1,10.6,7.8,7.1,8.8,10.6,13.8,16.9,20
Tres Arroyos,PAMPEANA,-38.38,-60.28,123,Max Temperature,29.3,27.7,25.1,20.6,16.4,13.1,12.5,14.9,17,20.2,23.8,27.4
Tres Arroyos,PAMPEANA,-38.38,-60.28,123,Min Temperature,15.1,14.5,12.9,9.2,6.3,3.8,3,4,5.4,8.2,10.8,13.3
Tres Arroyos,PAMPEANA,-38.38,-60.28,123,Hunidity,60,66.5,70.6,73,76.7,77,76.1,70.6,70.1,68.9,64.3,59.3
Tres Arroyos,PAMPEANA,-38.38,-60.28,123,Wind speed,14.9,13.4,12.7,12.9,12.1,13,13.1,13.7,13.8,15.1,15.4,16.4
Tres Arroyos,PAMPEANA,-38.38,-60.28,123,Nubosidad total (octavos),3.7,3.6,3.8,3.9,4.6,4.9,4.8,4.6,4.6,4.3,4.1,3.7
Tres Arroyos,PAMPEANA,-38.38,-60.28,123,Precipitation ,85.1,99.5,83.5,74.5,59.3,34.5,43.2,42.3,63.1,82.5,88.3,80
Tres Arroyos,PAMPEANA,-38.38,-60.28,123,Precipitation freq,9.2,8.2,9.5,9.3,8.3,7.3,9,7.7,8.8,10.8,9.5,9.1
Mar Del Plata Aero,PAMPEANA,-37.93,-57.58,22,Temperature,20.4,19.8,18.2,14.5,11.2,8.4,7.5,8.8,10.4,13.3,15.9,18.5
Mar Del Plata Aero,PAMPEANA,-37.93,-57.58,22,Max Temperature,26.5,25.6,23.9,20.4,16.8,13.6,12.7,14.5,15.9,18.9,21.7,24.5
Mar Del Plata Aero,PAMPEANA,-37.93,-57.58,22,Min Temperature,14.6,14.3,13,9.2,6.3,3.8,3.1,4.1,5.3,7.8,10.2,12.6
Mar Del Plata Aero,PAMPEANA,-37.93,-57.58,22,Hunidity,74.4,76.9,79.3,80.5,82.4,82.7,82.5,80.8,79.6,78.4,76.5,74.6
Mar Del Plata Aero,PAMPEANA,-37.93,-57.58,22,Wind speed,16,14.8,13.7,12.3,12.2,12.8,12.6,13.6,14,15.4,15.8,16.2
Mar Del Plata Aero,PAMPEANA,-37.93,-57.58,22,Nubosidad total (octavos),3.7,3.7,3.8,4,4.3,4.7,4.6,4.5,4.5,4.2,4.1,3.8
Mar Del Plata Aero,PAMPEANA,-37.93,-57.58,22,Precipitation ,94.9,93.9,95.7,85.5,66.4,57.4,55.7,55.9,57.3,89.3,81.3,92.8
Mar Del Plata Aero,PAMPEANA,-37.93,-57.58,22,Precipitation freq,8.3,7.9,9,9.1,8.6,8.5,8.8,7.9,7.9,9.8,9.6,8.8
Neuquen Aero,PATAGONIA,-38.95,-68.07,273,Temperature,23.7,22.3,18.9,13.4,9.2,6.6,5.8,8.1,11.4,15.6,19.4,22.4
Neuquen Aero,PATAGONIA,-38.95,-68.07,273,Max Temperature,31.9,30.6,27,21.6,16.5,12.9,12.9,15.9,18.9,23.2,27.1,30.2
Neuquen Aero,PATAGONIA,-38.95,-68.07,273,Min Temperature,15.5,14.2,11.6,6.8,3.5,1.5,0.2,1.6,4.4,8.2,11.6,14.5
Neuquen Aero,PATAGONIA,-38.95,-68.07,273,Hunidity,36.7,44,53.4,62.2,67.7,71.7,68.5,58.7,51.1,44.3,38.3,36.1
Neuquen Aero,PATAGONIA,-38.95,-68.07,273,Wind speed,12.8,11.3,9.9,8.8,8.3,9.3,9.5,9.7,10.3,12.8,13.9,13.8
Neuquen Aero,PATAGONIA,-38.95,-68.07,273,Nubosidad total (octavos),2.6,2.6,3.1,3.5,4.3,4.8,4.4,4.3,4,3.8,3.4,3.1
Neuquen Aero,PATAGONIA,-38.95,-68.07,273,Precipitation ,12.9,11.9,23.6,15.3,21.1,23.5,15.9,11.4,19.3,20.3,14.5,11.2
Neuquen Aero,PATAGONIA,-38.95,-68.07,273,Precipitation freq,2.7,2.6,3.5,4.9,5.5,7.1,4.9,3.9,4.6,4.1,2.9,3
Bahia Blanca Aero,PAMPEANA,-38.72,-62.28,76,Temperature,23.6,22.1,19.4,14.9,11.1,8.1,7.5,9.4,11.6,15.1,18.7,22
Bahia Blanca Aero,PAMPEANA,-38.72,-62.28,76,Max Temperature,31.1,29.6,26.6,21.8,17.5,14.1,13.7,16.3,18.5,22.2,25.9,29.3
Bahia Blanca Aero,PAMPEANA,-38.72,-62.28,76,Min Temperature,16.3,15.2,13.4,9.2,6,3.3,2.4,3.9,5.6,8.5,11.4,14.4
Bahia Blanca Aero,PAMPEANA,-38.72,-62.28,76,Hunidity,54.1,60.5,66.5,70.5,74.5,75.1,73.8,68.9,67.2,64.8,58.5,53.3
Bahia Blanca Aero,PAMPEANA,-38.72,-62.28,76,Wind speed,,,,,,,,,,,,
Bahia Blanca Aero,PAMPEANA,-38.72,-62.28,76,Nubosidad total (octavos),3.3,3,3.3,3.5,4,4.3,4.1,4.1,4,3.9,3.6,3.4
Bahia Blanca Aero,PAMPEANA,-38.72,-62.28,76,Precipitation ,67.1,67.1,75.2,54.5,41.2,31.5,31.1,34.5,51.6,73.3,56.8,67.3
Bahia Blanca Aero,PAMPEANA,-38.72,-62.28,76,Precipitation freq,7.6,6.4,8.1,7,5.5,5.9,5.9,5.1,6.7,8.9,7,7
Bariloche Aero,PATAGONIA,-41.15,-71.16,840,Temperature,15,14.8,11.9,7.9,4.9,2.9,2.1,3,5.1,8,10.8,13.5
Bariloche Aero,PATAGONIA,-41.15,-71.16,840,Max Temperature,22.6,23,19.7,14.6,10.2,6.9,6.7,8.3,11.5,14.8,17.9,20.5
Bariloche Aero,PATAGONIA,-41.15,-71.16,840,Min Temperature,6.6,6.3,4.7,2.3,0.6,-0.6,-1.6,-1.1,-0.2,1.8,3.7,5.9
Bariloche Aero,PATAGONIA,-41.15,-71.16,840,Hunidity,54.1,54.8,62.4,69.8,76.4,80.2,78.9,75.9,68.2,62.5,57.7,54.9
Bariloche Aero,PATAGONIA,-41.15,-71.16,840,Wind speed,22.9,19.8,18.3,19.1,15.9,17.9,16.6,16.8,17.1,23.4,25.4,25.2
Bariloche Aero,PATAGONIA,-41.15,-71.16,840,Nubosidad total (octavos),2.9,2.7,3.4,4,4.9,5.5,5,4.8,4.2,4,3.6,3.3
Bariloche Aero,PATAGONIA,-41.15,-71.16,840,Precipitation ,20,15.3,35.2,58.9,130.1,170.1,122.1,101.4,56.5,49.4,29.3,23.4
Bariloche Aero,PATAGONIA,-41.15,-71.16,840,Precipitation freq,3.7,3.4,6.7,8.2,13.6,16.1,14,13,9.1,8.3,5.4,4.6
Maquinchao,PATAGONIA,-41.25,-68.73,888,Temperature,18,17.5,14.1,8.9,4.4,1.4,0.5,2.7,5.7,9.8,13.5,16.6
Maquinchao,PATAGONIA,-41.25,-68.73,888,Max Temperature,26.4,25.7,21.9,16.3,10.9,6.6,6.2,9.2,12.9,16.9,20.9,24.2
Maquinchao,PATAGONIA,-41.25,-68.73,888,Min Temperature,9.3,9.1,6.6,2.3,-0.6,-2.9,-4.6,-3.1,-1.1,2.3,5.4,7.9
Maquinchao,PATAGONIA,-41.25,-68.73,888,Hunidity,42.8,46.9,52.7,59.6,67.1,72,69.5,64.5,58.1,52.3,47.6,44.8
Maquinchao,PATAGONIA,-41.25,-68.73,888,Wind speed,11.6,9.1,8.4,8,6.1,7.5,6.9,8.3,8.3,12.6,13.7,12.7
Maquinchao,PATAGONIA,-41.25,-68.73,888,Nubosidad total (octavos),2.8,2.7,3.3,3.5,4,4.4,3.9,3.9,3.7,3.7,3.5,3.2
Maquinchao,PATAGONIA,-41.25,-68.73,888,Precipitation ,,,26.2,20.7,23.3,28.1,,11.5,14.9,18.6,,
Maquinchao,PATAGONIA,-41.25,-68.73,888,Precipitation freq,,,3.2,3.6,5.1,6.9,,3.4,3.5,3.2,,
Viedma Aero,PATAGONIA,-40.87,-63,11,Temperature,22.1,20.8,18.3,13.8,9.9,7.2,6.6,8.2,10.5,14.3,17.7,20.6
Viedma Aero,PATAGONIA,-40.87,-63,11,Max Temperature,29.4,28.3,25.3,20.9,16.3,13.1,12.8,15.1,17.5,21.4,25,27.9
Viedma Aero,PATAGONIA,-40.87,-63,11,Min Temperature,14.7,14.1,12,7.8,4.7,2.4,1.5,2.3,4,7.1,10.1,12.9
Viedma Aero,PATAGONIA,-40.87,-63,11,Hunidity,50.2,56.1,62.8,67.3,73.4,75,72.1,66.9,64,57.8,51,48.2
Viedma Aero,PATAGONIA,-40.87,-63,11,Wind speed,,,,,,,,,,,,
Viedma Aero,PATAGONIA,-40.87,-63,11,Nubosidad total (octavos),2.9,2.8,3.1,3.3,3.9,4.2,4,3.9,3.8,3.6,3.4,3.1
Viedma Aero,PATAGONIA,-40.87,-63,11,Precipitation ,31.4,43,54.1,41.8,28.8,25.6,26,22.3,25.2,30.3,23.6,21.3
Viedma Aero,PATAGONIA,-40.87,-63,11,Precipitation freq,5.2,5.6,6,6.4,7.1,8,7.2,5.8,5.5,6.1,5.1,5
Esquel Aero,PATAGONIA,-42.92,-71.32,794,Temperature,15.1,15,12.3,8.2,4.9,2.4,1.5,3.2,5.5,8.4,11.2,13.6
Esquel Aero,PATAGONIA,-42.92,-71.32,794,Max Temperature,21.7,22.2,19.1,14.4,10.1,6.7,6.1,8.5,11.8,14.7,17.6,19.9
Esquel Aero,PATAGONIA,-42.92,-71.32,794,Min Temperature,8.2,7.7,5.5,2.7,0.5,-1.8,-2.8,-1.4,0,2.3,4.7,7
Esquel Aero,PATAGONIA,-42.92,-71.32,794,Hunidity,48,50.1,56.5,63.5,72.2,76.6,75.5,70.9,62.9,55.2,50,48.1
Esquel Aero,PATAGONIA,-42.92,-71.32,794,Wind speed,23.4,20,17.2,17.4,14.5,15.4,14.6,14.7,15.8,20.6,23.5,23.8
Esquel Aero,PATAGONIA,-42.92,-71.32,794,Nubosidad total (octavos),3.3,3,3.5,3.8,4.4,4.7,4.5,4.3,4.1,3.9,3.7,3.6
Esquel Aero,PATAGONIA,-42.92,-71.32,794,Precipitation ,18.8,18.4,24.5,43.1,65,79.4,60.2,47,35.7,28.3,20.8,20.8
Esquel Aero,PATAGONIA,-42.92,-71.32,794,Precipitation freq,3.8,3.7,5.6,7,9.7,11,9.4,9.6,7.3,6.1,4.4,4.1
Trelew Aero,PATAGONIA,-43.25,-65.3,43,Temperature,21.5,20.3,17.6,13.3,9.2,6.2,5.8,7.7,10.4,14.1,17.4,20
Trelew Aero,PATAGONIA,-43.25,-65.3,43,Max Temperature,29.2,28.1,25,20.7,15.7,12.2,12.3,14.8,17.5,21.2,24.9,27.5
Trelew Aero,PATAGONIA,-43.25,-65.3,43,Min Temperature,13.6,12.6,10.5,6.7,3.4,0.8,0.2,1.4,3.6,6.5,9.5,11.9
Trelew Aero,PATAGONIA,-43.25,-65.3,43,Hunidity,41.7,49,53.6,57,65.7,69.6,66.9,61.2,56.6,49.6,44.1,41.7
Trelew Aero,PATAGONIA,-43.25,-65.3,43,Wind speed,24.2,23,20.2,19.1,16.6,17.7,17.9,18.4,18.3,22.5,23.7,23.9
Trelew Aero,PATAGONIA,-43.25,-65.3,43,Nubosidad total (octavos),3.6,3.5,3.7,3.8,4.3,4.3,4.2,4.2,4.2,4.2,3.9,3.9
Trelew Aero,PATAGONIA,-43.25,-65.3,43,Precipitation ,13.6,18.9,23.3,24.8,26.3,22.2,17.8,13.9,14.6,19.2,13.7,13.9
Trelew Aero,PATAGONIA,-43.25,-65.3,43,Precipitation freq,3.8,4.1,5.4,4.6,7.1,8,6,6.3,6.1,6,4.7,3.9
Comodoro Rivadavia Aero,PATAGONIA,-45.87,-67.5,46,Temperature,19.7,18.8,16.3,13.1,9.6,6.9,6.6,7.9,10.1,13,15.9,18.2
Comodoro Rivadavia Aero,PATAGONIA,-45.87,-67.5,46,Max Temperature,26.1,25,22.4,18.6,14.2,10.9,10.8,12.8,15.4,18.8,22.1,24.5
Comodoro Rivadavia Aero,PATAGONIA,-45.87,-67.5,46,Min Temperature,13.6,12.9,10.9,8.3,5.5,3.1,2.7,3.6,5.1,7.5,10,12.1
Comodoro Rivadavia Aero,PATAGONIA,-45.87,-67.5,46,Hunidity,37.9,42.7,47.2,49.4,57.3,60.1,57.2,54.2,51.5,45.9,40.8,38.9
Comodoro Rivadavia Aero,PATAGONIA,-45.87,-67.5,46,Wind speed,25.9,21.2,20.7,22.8,19.4,22.4,19.5,19.2,19.5,23.3,25.1,25.6
Comodoro Rivadavia Aero,PATAGONIA,-45.87,-67.5,46,Nubosidad total (octavos),4.3,4.1,4.1,4.2,4.5,4.5,4.5,4.4,4.5,4.6,4.5,4.5
Comodoro Rivadavia Aero,PATAGONIA,-45.87,-67.5,46,Precipitation ,11.6,14.4,18.2,25.4,37.4,35.9,23.4,20.1,20.1,16.4,14.5,10.1
Comodoro Rivadavia Aero,PATAGONIA,-45.87,-67.5,46,Precipitation freq,2.9,3.5,4.7,5,6.9,6.7,5.8,6.1,6.3,5.4,4.6,3.9
San Julian Aero,PATAGONIA,-49.3,-67.72,62,Temperature,16.3,15.6,13.2,9.8,6.2,3.4,3.2,4.8,7.4,10.4,13.2,15.1
San Julian Aero,PATAGONIA,-49.3,-67.72,62,Max Temperature,23.1,22.2,19.7,15.7,10.7,7.1,7.3,9.9,13.3,16.6,19.6,21.5
San Julian Aero,PATAGONIA,-49.3,-67.72,62,Min Temperature,9.7,9.2,7.4,4.9,2,-0.1,-0.4,0.6,2.2,4.4,6.7,8.6
San Julian Aero,PATAGONIA,-49.3,-67.72,62,Hunidity,50.9,55.3,58,62.5,69.9,74.4,72.4,68.1,62.3,56.4,51.6,51.4
San Julian Aero,PATAGONIA,-49.3,-67.72,62,Wind speed,30.2,28.8,26.8,26.8,25.5,26.2,25.2,24.9,25.6,28.7,29.6,30.8
San Julian Aero,PATAGONIA,-49.3,-67.72,62,Nubosidad total (octavos),4.6,4.3,4,4,3.9,3.9,3.8,3.9,4.1,4.3,4.6,4.7
San Julian Aero,PATAGONIA,-49.3,-67.72,62,Precipitation ,14.3,22.5,23.4,19.1,31.1,33.7,22.5,18.3,14.3,17.3,14.9,20.2
San Julian Aero,PATAGONIA,-49.3,-67.72,62,Precipitation freq,6.4,6.3,6.7,7.4,8.6,8.4,6.5,6.8,5.9,6.4,6.6,7.5
Rio Gallegos Aero,PATAGONIA,-51.62,-69.28,19,Temperature,13.8,13.2,10.8,7.6,4.2,1.4,1.2,3.1,5.7,8.4,11.1,12.8
Rio Gallegos Aero,PATAGONIA,-51.62,-69.28,19,Max Temperature,20,19.6,17,13.2,8.4,4.9,4.8,7.4,11.3,14.8,17.2,18.8
Rio Gallegos Aero,PATAGONIA,-51.62,-69.28,19,Min Temperature,7.6,7.1,5.3,2.9,0.2,-2,-2.4,-0.6,0.9,2.4,4.8,6.6
Rio Gallegos Aero,PATAGONIA,-51.62,-69.28,19,Hunidity,52.4,56.8,62.3,68.9,76.2,80.2,78.4,73.7,66.4,58,52.8,52
Rio Gallegos Aero,PATAGONIA,-51.62,-69.28,19,Wind speed,27.1,25.6,22.8,22.5,19.4,19,18.6,19.7,20.3,24.1,26.7,27.4
Rio Gallegos Aero,PATAGONIA,-51.62,-69.28,19,Nubosidad total (octavos),5.6,5.2,4.9,4.8,4.5,4.3,4.3,4.4,4.7,4.8,5.2,5.6
Rio Gallegos Aero,PATAGONIA,-51.62,-69.28,19,Precipitation ,27.7,27.1,26.7,26.7,26.9,18.3,19.2,16.9,13.3,16.9,22.7,25.9
Rio Gallegos Aero,PATAGONIA,-51.62,-69.28,19,Precipitation freq,10.1,7.9,8.7,8.6,8.3,7.3,7.4,6.4,6.2,6,8,9.6
Rio Grande B.A.,PATAGONIA,-53.78,-67.7,22,Temperature,10.9,10.3,8.1,5.5,2.6,-0.1,-0.2,1.4,3.5,6.2,8.4,10
Rio Grande B.A.,PATAGONIA,-53.78,-67.7,22,Max Temperature,16.1,15.7,13.5,10.5,6.5,3.1,3,5.2,8.3,11.4,13.4,15.1
Rio Grande B.A.,PATAGONIA,-53.78,-67.7,22,Min Temperature,5.7,5.4,3.5,1.6,-0.8,-3.2,-3.1,-1.7,-0.2,1.6,3.3,4.8
Rio Grande B.A.,PATAGONIA,-53.78,-67.7,22,Hunidity,72.7,74.6,77.8,82.4,86,87.7,86.5,84.5,79.5,73.8,70,70.6
Rio Grande B.A.,PATAGONIA,-53.78,-67.7,22,Wind speed,29.1,27.2,25.3,23.4,19.8,17.4,18,20.6,21.9,26.6,28.1,29.6
Rio Grande B.A.,PATAGONIA,-53.78,-67.7,22,Nubosidad total (octavos),5.5,5.2,4.9,4.7,4.4,4.1,4.1,4.2,4.5,4.8,5.2,5.5
Rio Grande B.A.,PATAGONIA,-53.78,-67.7,22,Precipitation ,36,29.7,27.2,28.8,29.4,26.7,23.9,20.7,17.1,18.5,27,36
Rio Grande B.A.,PATAGONIA,-53.78,-67.7,22,Precipitation freq,12.4,10.9,9.9,9.8,9.9,8,7.6,7.6,7.9,7.8,9.2,11.3
